/*
 * Copyright (c) Tzvetan Mikov.
 *
 * This source code is licensed under the MIT license found in the
 * LICENSE file in the root directory of this source tree.
 */

// Snake Byte's own binary image: $3750-$854E, verbatim from snake-byte.b33.
//
// A text fragment, not a header: it defines a static array, so the one
// translation unit that includes it -- snake-byte-cold.c, which copies it into
// emulated RAM before entering the game -- is the only one that may. Split out
// because 1,250 lines of hex in the middle of the decompilation made the file
// hard to move around in.
//
// Most of this is data the code still reads at its original address: the
// level display lists at $8000, the font at $66A9, the hi-res tables at
// $6000. The instruction bytes are dead -- the code that was here is C now --
// but they cannot be carved out without moving everything after them, so the
// image stays whole.

static const uint8_t s_mem_3750[0x4dff] = {
  0xA2, 0x00, 0xBD, 0x00, 0x38, 0x9D, 0x00, 0x18, 0xE8, 0xD0, 0xF7, 0xEE, 0x54, 0x37, 0xEE, 0x57,
  0x37, 0xAD, 0x57, 0x37, 0xC9, 0x20, 0xD0, 0xE8, 0x20, 0x93, 0xFE, 0x20, 0x89, 0xFE, 0xA9, 0x52,
  0x8D, 0x00, 0x03, 0xA9, 0x01, 0x8D, 0x01, 0x03, 0x8D, 0x02, 0x03, 0x8D, 0x03, 0x03, 0xA9, 0x64,
  0x8D, 0x04, 0x03, 0x4C, 0xC2, 0x76, 0x00, 0x00, 0x00, 0x00, 0x00, 0x00, 0x00, 0x00, 0x00, 0x00,
  0x00, 0x00, 0x00, 0x00, 0x00, 0x00, 0x00, 0x00, 0x00, 0x00, 0x00, 0x00, 0x00, 0x00, 0x00, 0x00,
  0x00, 0x00, 0x00, 0x00, 0x00, 0x00, 0x00, 0x88, 0x2A, 0x00, 0x00, 0x00, 0x00, 0x00, 0x00, 0x00,
  0x00, 0x00, 0x00, 0x00, 0x00, 0x00, 0x00, 0x00, 0x00, 0x00, 0x00, 0x00, 0x00, 0x00, 0x00, 0x00,
  0x00, 0x00, 0x00, 0x00, 0x00, 0x00, 0x00, 0x00, 0x00, 0x00, 0x00, 0x00, 0x00, 0x00, 0x00, 0x55,
  0x00, 0x00, 0x00, 0x00, 0x00, 0x00, 0x00, 0x00, 0x00, 0x00, 0x00, 0x00, 0x00, 0x00, 0x00, 0x00,
  0x00, 0x00, 0x00, 0x00, 0x00, 0x00, 0x00, 0x00, 0x00, 0x00, 0x00, 0x00, 0x00, 0x00, 0x00, 0x00,
  0x00, 0x00, 0x00, 0x00, 0x00, 0x00, 0x00, 0x00, 0x00, 0x00, 0x00, 0x00, 0x00, 0x00, 0x00, 0x00,
  0x0C, 0x1B, 0x11, 0x1A, 0x0C, 0x0A, 0x1A, 0x02, 0x13, 0x0B, 0x1D, 0x1D, 0x18, 0x04, 0x1B, 0x1B,
  0x0A, 0x06, 0x10, 0x11, 0x03, 0x07, 0x03, 0x0E, 0x26, 0x1F, 0x13, 0x03, 0x26, 0x1C, 0x10, 0x16,
  0x09, 0x18, 0x1A, 0x11, 0x01, 0x13, 0x17, 0x1F, 0x25, 0x07, 0x1B, 0x0B, 0x1B, 0x1B, 0x04, 0x21,
  0x26, 0x20, 0x0F, 0x0B, 0x10, 0x15, 0x10, 0x1F, 0x15, 0x02, 0x0B, 0x12, 0x1C, 0x06, 0x03, 0x0F,
  0x10, 0x21, 0x17, 0x23, 0x1B, 0x0A, 0x09, 0x1C, 0x14, 0x1D, 0x22, 0x0C, 0x0D, 0x16, 0x01, 0x0E,
  0x21, 0x0C, 0x0E, 0x1A, 0x0F, 0x14, 0x1E, 0x01, 0x15, 0x15, 0x16, 0x03, 0x05, 0x10, 0x11, 0x0C,
  0x24, 0x17, 0x1C, 0x26, 0x10, 0x06, 0x10, 0x0F, 0x1D, 0x0C, 0x17, 0x02, 0x0C, 0x04, 0x16, 0x20,
  0x26, 0x02, 0x09, 0x0F, 0x1E, 0x08, 0x13, 0x0B, 0x1B, 0x0D, 0x24, 0x0E, 0x15, 0x1A, 0x17, 0x17,
  0x09, 0x14, 0x23, 0x19, 0x13, 0x16, 0x1D, 0x15, 0x08, 0x25, 0x0A, 0x16, 0x24, 0x0A, 0x06, 0x09,
  0x0C, 0x06, 0x21, 0x19, 0x07, 0x24, 0x1D, 0x10, 0x1C, 0x16, 0x19, 0x21, 0x25, 0x14, 0x12, 0x03,
  0x0B, 0x0B, 0x26, 0x1F, 0x15, 0x26, 0x14, 0x19, 0x12, 0x23, 0x11, 0x04, 0x1C, 0x12, 0x11, 0x0C,
  0x0F, 0x06, 0x25, 0x1A, 0x03, 0x1D, 0x12, 0x07, 0x13, 0x04, 0x02, 0x23, 0x20, 0x0C, 0x23, 0x03,
  0x07, 0x22, 0x21, 0x02, 0x24, 0x19, 0x1D, 0x1C, 0x01, 0x01, 0x18, 0x0D, 0x0A, 0x20, 0x23, 0x18,
  0x02, 0x01, 0x0C, 0x22, 0x08, 0x12, 0x05, 0x26, 0x0C, 0x1F, 0x1B, 0x03, 0x14, 0x21, 0x24, 0x05,
  0x04, 0x11, 0x07, 0x04, 0x06, 0x0A, 0x0E, 0x04, 0x14, 0x05, 0x05, 0x23, 0x1F, 0x05, 0x11, 0x12,
  0x26, 0x23, 0x10, 0x0D, 0x03, 0x21, 0x14, 0x1E, 0x1D, 0x07, 0x0F, 0x22, 0x21, 0x02, 0x0C, 0x06,
  0x1B, 0x1B, 0x03, 0x05, 0x0C, 0x15, 0x0B, 0x26, 0x04, 0x05, 0x02, 0x0D, 0x19, 0x10, 0x15, 0x0B,
  0x24, 0x04, 0x15, 0x1E, 0x12, 0x1D, 0x1D, 0x1E, 0x02, 0x11, 0x1B, 0x1F, 0x03, 0x09, 0x21, 0x18,
  0x18, 0x1C, 0x18, 0x17, 0x1E, 0x07, 0x18, 0x20, 0x0F, 0x10, 0x03, 0x23, 0x13, 0x12, 0x1E, 0x1D,
  0x1D, 0x1C, 0x0E, 0x0A, 0x06, 0x1A, 0x1C, 0x05, 0x0D, 0x21, 0x07, 0x03, 0x12, 0x09, 0x10, 0x12,
  0x21, 0x0D, 0x0D, 0x04, 0x21, 0x02, 0x13, 0x14, 0x0C, 0x18, 0x0B, 0x26, 0x16, 0x1E, 0x01, 0x19,
  0x04, 0x01, 0x26, 0x06, 0x23, 0x0D, 0x0C, 0x1C, 0x01, 0x12, 0x15, 0x17, 0x10, 0x24, 0x01, 0x0B,
  0x09, 0x16, 0x06, 0x20, 0x26, 0x18, 0x03, 0x10, 0x1E, 0x20, 0x26, 0x02, 0x0E, 0x02, 0x13, 0x02,
  0x08, 0x1D, 0x1E, 0x23, 0x07, 0x01, 0x22, 0x01, 0x10, 0x26, 0x10, 0x13, 0x05, 0x02, 0x19, 0x14,
  0x23, 0x04, 0x24, 0x05, 0x1F, 0x1F, 0x07, 0x13, 0x1F, 0x22, 0x11, 0x09, 0x13, 0x1F, 0x06, 0x15,
  0x1A, 0x18, 0x0F, 0x06, 0x19, 0x26, 0x21, 0x1E, 0x0F, 0x26, 0x09, 0x12, 0x0C, 0x06, 0x11, 0x13,
  0x15, 0x08, 0x0A, 0x15, 0x1B, 0x0F, 0x26, 0x04, 0x05, 0x12, 0x04, 0x0D, 0x22, 0x0D, 0x06, 0x14,
  0x0A, 0x11, 0x08, 0x01, 0x23, 0x21, 0x02, 0x11, 0x11, 0x1C, 0x14, 0x19, 0x0E, 0x02, 0x04, 0x1A,
  0x05, 0x15, 0x13, 0x13, 0x0B, 0x06, 0x19, 0x16, 0x03, 0x1E, 0x01, 0x21, 0x0F, 0x03, 0x0B, 0x23,
  0x14, 0x10, 0x0D, 0x11, 0x1D, 0x1D, 0x11, 0x13, 0x0F, 0x19, 0x0B, 0x0D, 0x09, 0x10, 0x1C, 0x0B,
  0x09, 0x12, 0x20, 0x02, 0x0E, 0x1D, 0x15, 0x22, 0x17, 0x18, 0x08, 0x0E, 0x03, 0x0D, 0x26, 0x08,
  0x19, 0x09, 0x0C, 0x14, 0x0B, 0x1B, 0x18, 0x19, 0x24, 0x01, 0x22, 0x02, 0x11, 0x0D, 0x19, 0x18,
  0x21, 0x24, 0x16, 0x02, 0x25, 0x1A, 0x23, 0x09, 0x11, 0x02, 0x12, 0x0F, 0x08, 0x21, 0x07, 0x09,
  0x07, 0x15, 0x25, 0x20, 0x0A, 0x16, 0x0B, 0x1F, 0x1F, 0x06, 0x18, 0x1A, 0x04, 0x16, 0x1E, 0x1A,
  0x11, 0x1F, 0x21, 0x01, 0x1E, 0x23, 0x1D, 0x05, 0x05, 0x13, 0x04, 0x13, 0x05, 0x0C, 0x26, 0x10,
  0x04, 0x05, 0x24, 0x0D, 0x16, 0x26, 0x01, 0x07, 0x1D, 0x19, 0x19, 0x15, 0x07, 0x02, 0x1F, 0x26,
  0x0B, 0x0B, 0x15, 0x24, 0x12, 0x01, 0x21, 0x07, 0x0A, 0x23, 0x07, 0x26, 0x07, 0x26, 0x23, 0x07,
  0x17, 0x0A, 0x0D, 0x04, 0x01, 0x06, 0x0D, 0x01, 0x0F, 0x14, 0x0C, 0x11, 0x0A, 0x14, 0x02, 0x0D,
  0x23, 0x26, 0x0D, 0x22, 0x26, 0x10, 0x23, 0x07, 0x08, 0x1C, 0x22, 0x0E, 0x0F, 0x03, 0x1D, 0x16,
  0x0B, 0x20, 0x1F, 0x13, 0x21, 0x1D, 0x1E, 0x26, 0x17, 0x24, 0x11, 0x16, 0x01, 0x19, 0x25, 0x1C,
  0x1C, 0x12, 0x0C, 0x1A, 0x20, 0x20, 0x26, 0x20, 0x21, 0x0A, 0x03, 0x1F, 0x14, 0x03, 0x24, 0x1F,
  0x20, 0x0A, 0x21, 0x22, 0x17, 0x11, 0x1B, 0x05, 0x1D, 0x04, 0x08, 0x10, 0x18, 0x0B, 0x1D, 0x26,
  0x1A, 0x1F, 0x24, 0x25, 0x07, 0x05, 0x25, 0x1B, 0x19, 0x19, 0x1C, 0x01, 0x0D, 0x11, 0x22, 0x0D,
  0x21, 0x01, 0x1A, 0x13, 0x1F, 0x17, 0x15, 0x03, 0x01, 0x15, 0x16, 0x21, 0x1E, 0x20, 0x12, 0x0D,
  0x12, 0x20, 0x26, 0x26, 0x0E, 0x05, 0x03, 0x11, 0x03, 0x04, 0x16, 0x13, 0x13, 0x08, 0x08, 0x25,
  0x04, 0x15, 0x05, 0x12, 0x21, 0x0B, 0x1F, 0x0E, 0x23, 0x1A, 0x1D, 0x12, 0x12, 0x05, 0x16, 0x1C,
  0x1D, 0x11, 0x03, 0x25, 0x13, 0x13, 0x17, 0x20, 0x08, 0x0B, 0x1B, 0x0F, 0x12, 0x0C, 0x01, 0x16,
  0x1A, 0x01, 0x0D, 0x1F, 0x10, 0x1A, 0x13, 0x26, 0x01, 0x1B, 0x0E, 0x26, 0x22, 0x08, 0x01, 0x20,
  0x17, 0x10, 0x12, 0x07, 0x04, 0x0E, 0x23, 0x11, 0x09, 0x18, 0x15, 0x0D, 0x19, 0x0B, 0x0A, 0x1D,
  0x26, 0x06, 0x13, 0x1E, 0x0B, 0x0F, 0x1C, 0x03, 0x08, 0x1B, 0x21, 0x0E, 0x0E, 0x17, 0x15, 0x02,
  0x17, 0x16, 0x05, 0x23, 0x02, 0x21, 0x09, 0x17, 0x02, 0x16, 0x1B, 0x07, 0x13, 0x15, 0x21, 0x13,
  0x03, 0x12, 0x11, 0x0C, 0x20, 0x1B, 0x25, 0x0E, 0x0A, 0x0C, 0x05, 0x02, 0x22, 0x02, 0x25, 0x10,
  0x0D, 0x15, 0x06, 0x0D, 0x18, 0x1D, 0x04, 0x0F, 0x16, 0x0C, 0x09, 0x14, 0x12, 0x1D, 0x0E, 0x08,
  0x22, 0x05, 0x13, 0x03, 0x06, 0x1F, 0x17, 0x0D, 0x22, 0x09, 0x25, 0x1E, 0x1F, 0x1D, 0x24, 0x07,
  0x02, 0x24, 0x12, 0x16, 0x07, 0x25, 0x20, 0x1F, 0x0A, 0x0B, 0x15, 0x22, 0x18, 0x0C, 0x04, 0x1D,
  0x13, 0x23, 0x12, 0x0E, 0x17, 0x1E, 0x20, 0x1E, 0x15, 0x19, 0x0E, 0x14, 0x03, 0x23, 0x1B, 0x0F,
  0x05, 0x1E, 0x01, 0x09, 0x24, 0x18, 0x19, 0x01, 0x05, 0x07, 0x0C, 0x0C, 0x23, 0x08, 0x02, 0x1A,
  0x0A, 0x20, 0x20, 0x0D, 0x19, 0x02, 0x14, 0x05, 0x11, 0x0D, 0x06, 0x19, 0x0D, 0x1C, 0x09, 0x21,
  0x19, 0x01, 0x14, 0x10, 0x1F, 0x22, 0x09, 0x25, 0x1C, 0x0E, 0x02, 0x06, 0x11, 0x1B, 0x22, 0x1D,
  0x18, 0x0B, 0x11, 0x0E, 0x14, 0x07, 0x24, 0x11, 0x23, 0x0A, 0x1C, 0x0B, 0x1A, 0x19, 0x04, 0x03,
  0x0D, 0x12, 0x1C, 0x10, 0x0E, 0x23, 0x09, 0x0B, 0x12, 0x05, 0x16, 0x0D, 0x05, 0x0F, 0x05, 0x22,
  0x0F, 0x23, 0x1D, 0x16, 0x26, 0x16, 0x15, 0x04, 0x11, 0x10, 0x1A, 0x25, 0x22, 0x1E, 0x02, 0x26,
  0x11, 0x18, 0x26, 0x0D, 0x23, 0x08, 0x03, 0x07, 0x21, 0x05, 0x0E, 0x0B, 0x23, 0x19, 0x06, 0x09,
  0x18, 0x24, 0x1B, 0x0B, 0x10, 0x03, 0x06, 0x22, 0x16, 0x15, 0x23, 0x10, 0x13, 0x02, 0x1C, 0x05,
  0x19, 0x0D, 0x0A, 0x18, 0x04, 0x1C, 0x0F, 0x01, 0x08, 0x06, 0x09, 0x12, 0x11, 0x06, 0x08, 0x18,
  0x24, 0x20, 0x03, 0x14, 0x18, 0x1A, 0x07, 0x0A, 0x10, 0x21, 0x22, 0x0F, 0x15, 0x1C, 0x1D, 0x05,
  0x20, 0x21, 0x11, 0x18, 0x0B, 0x0E, 0x1D, 0x11, 0x04, 0x20, 0x16, 0x07, 0x07, 0x1C, 0x1D, 0x10,
  0x1F, 0x06, 0x14, 0x09, 0x22, 0x19, 0x09, 0x02, 0x09, 0x03, 0x26, 0x24, 0x11, 0x10, 0x0E, 0x05,
  0x23, 0x11, 0x20, 0x04, 0x05, 0x22, 0x0A, 0x0C, 0x17, 0x0D, 0x0A, 0x13, 0x10, 0x10, 0x25, 0x02,
  0x10, 0x0D, 0x0F, 0x17, 0x02, 0x23, 0x03, 0x22, 0x14, 0x07, 0x22, 0x13, 0x15, 0x1F, 0x0D, 0x0D,
  0x10, 0x1C, 0x16, 0x0E, 0x1B, 0x13, 0x12, 0x1B, 0x0B, 0x0C, 0x11, 0x14, 0x1B, 0x13, 0x24, 0x25,
  0x11, 0x09, 0x0B, 0x11, 0x13, 0x1A, 0x25, 0x26, 0x0D, 0x12, 0x14, 0x24, 0x1D, 0x26, 0x05, 0x0B,
  0x14, 0x0E, 0x19, 0x0F, 0x1B, 0x12, 0x1F, 0x09, 0x14, 0x14, 0x07, 0x1C, 0x26, 0x0E, 0x10, 0x15,
  0x03, 0x20, 0x06, 0x19, 0x0F, 0x03, 0x16, 0x0C, 0x15, 0x1E, 0x23, 0x11, 0x18, 0x1B, 0x1D, 0x15,
  0x0A, 0x20, 0x06, 0x0E, 0x10, 0x07, 0x17, 0x24, 0x0D, 0x13, 0x01, 0x12, 0x07, 0x06, 0x04, 0x1D,
  0x18, 0x05, 0x0F, 0x15, 0x0E, 0x13, 0x22, 0x0D, 0x0C, 0x10, 0x11, 0x1F, 0x1D, 0x23, 0x11, 0x0B,
  0x14, 0x20, 0x14, 0x16, 0x26, 0x24, 0x1D, 0x07, 0x03, 0x0C, 0x07, 0x1A, 0x03, 0x18, 0x06, 0x25,
  0x21, 0x0C, 0x18, 0x0C, 0x19, 0x1D, 0x14, 0x07, 0x09, 0x20, 0x16, 0x1B, 0x1E, 0x1D, 0x0B, 0x1F,
  0x21, 0x25, 0x15, 0x25, 0x0E, 0x10, 0x07, 0x11, 0x07, 0x1A, 0x15, 0x18, 0x07, 0x22, 0x18, 0x16,
  0x18, 0x18, 0x23, 0x23, 0x12, 0x1E, 0x20, 0x22, 0x04, 0x12, 0x07, 0x01, 0x18, 0x08, 0x0C, 0x12,
  0x10, 0x26, 0x0D, 0x19, 0x21, 0x11, 0x18, 0x1C, 0x13, 0x0C, 0x04, 0x13, 0x1D, 0x09, 0x0A, 0x11,
  0x1F, 0x08, 0x25, 0x0D, 0x1F, 0x0E, 0x0A, 0x0A, 0x15, 0x1A, 0x04, 0x09, 0x0F, 0x0B, 0x23, 0x12,
  0x02, 0x0D, 0x16, 0x24, 0x16, 0x08, 0x19, 0x26, 0x0E, 0x21, 0x1B, 0x02, 0x20, 0x24, 0x0C, 0x16,
  0x12, 0x15, 0x25, 0x18, 0x0B, 0x08, 0x08, 0x03, 0x12, 0x13, 0x07, 0x1A, 0x0E, 0x15, 0x1B, 0x21,
  0x1C, 0x24, 0x11, 0x1F, 0x16, 0x03, 0x1B, 0x11, 0x19, 0x0E, 0x17, 0x25, 0x18, 0x1F, 0x18, 0x17,
  0x16, 0x15, 0x0C, 0x08, 0x11, 0x15, 0x0B, 0x1F, 0x13, 0x18, 0x1C, 0x0C, 0x1D, 0x17, 0x18, 0x20,
  0x0E, 0x20, 0x23, 0x26, 0x17, 0x1E, 0x07, 0x22, 0x1F, 0x25, 0x06, 0x02, 0x18, 0x25, 0x26, 0x09,
  0x1C, 0x1C, 0x22, 0x24, 0x1A, 0x25, 0x04, 0x0A, 0x17, 0x1E, 0x05, 0x05, 0x24, 0x14, 0x1B, 0x25,
  0x17, 0x19, 0x0B, 0x12, 0x24, 0x0F, 0x04, 0x17, 0x10, 0x1E, 0x0A, 0x1C, 0x17, 0x07, 0x19, 0x0E,
  0x16, 0x16, 0x0C, 0x1C, 0x18, 0x06, 0x17, 0x1E, 0x19, 0x18, 0x15, 0x01, 0x15, 0x25, 0x01, 0x10,
  0x19, 0x1D, 0x0E, 0x1C, 0x11, 0x23, 0x16, 0x03, 0x07, 0x1A, 0x16, 0x19, 0x09, 0x24, 0x22, 0x1E,
  0x24, 0x15, 0x23, 0x1B, 0x14, 0x23, 0x14, 0x1D, 0x0E, 0x0A, 0x1F, 0x24, 0x1E, 0x19, 0x19, 0x02,
  0x03, 0x20, 0x02, 0x0B, 0x10, 0x02, 0x25, 0x17, 0x11, 0x1E, 0x11, 0x1E, 0x02, 0x20, 0x12, 0x1D,
  0x02, 0x23, 0x0A, 0x0C, 0x16, 0x03, 0x26, 0x20, 0x0F, 0x0B, 0x16, 0x10, 0x21, 0x18, 0x02, 0x05,
  0x21, 0x26, 0x14, 0x10, 0x03, 0x09, 0x10, 0x04, 0x04, 0x20, 0x16, 0x21, 0x1E, 0x17, 0x22, 0x24,
  0x14, 0x23, 0x20, 0x07, 0x01, 0x21, 0x17, 0x18, 0x0D, 0x05, 0x26, 0x05, 0x26, 0x03, 0x0C, 0x1C,
  0x17, 0x08, 0x05, 0x19, 0x18, 0x25, 0x01, 0x0B, 0x1D, 0x26, 0x0A, 0x0A, 0x08, 0x08, 0x03, 0x04,
  0x21, 0x02, 0x26, 0x20, 0x04, 0x0B, 0x1B, 0x1C, 0x01, 0x0B, 0x1D, 0x0F, 0x19, 0x24, 0x09, 0x18,
  0x24, 0x1A, 0x05, 0x13, 0x1C, 0x1B, 0x05, 0x0A, 0x04, 0x16, 0x1E, 0x0F, 0x13, 0x23, 0x17, 0x23,
  0x24, 0x0F, 0x08, 0x06, 0x25, 0x10, 0x23, 0x02, 0x19, 0x05, 0x25, 0x06, 0x21, 0x02, 0x02, 0x24,
  0x22, 0x06, 0x26, 0x08, 0x15, 0x15, 0x22, 0x21, 0x04, 0x0F, 0x17, 0x04, 0x09, 0x25, 0x1D, 0x24,
  0x1E, 0x05, 0x05, 0x13, 0x05, 0x0E, 0x01, 0x19, 0x0D, 0x0B, 0x19, 0x23, 0x06, 0x1F, 0x06, 0x23,
  0x18, 0x1D, 0x25, 0x16, 0x0C, 0x19, 0x0B, 0x1F, 0x1A, 0x14, 0x14, 0x14, 0x18, 0x20, 0x0A, 0x1A,
  0x13, 0x19, 0x08, 0x23, 0x07, 0x16, 0x20, 0x09, 0x13, 0x1D, 0x14, 0x07, 0x17, 0x22, 0x09, 0x1E,
  0x02, 0x0B, 0x02, 0x17, 0x0C, 0x12, 0x10, 0x07, 0x13, 0x1C, 0x04, 0x16, 0x15, 0x25, 0x06, 0x10,
  0x1F, 0x23, 0x0E, 0x14, 0x07, 0x02, 0x01, 0x13, 0x17, 0x07, 0x06, 0x0E, 0x23, 0x18, 0x1C, 0x15,
  0x1E, 0x19, 0x05, 0x22, 0x06, 0x07, 0x24, 0x12, 0x17, 0x0C, 0x24, 0x1A, 0x21, 0x0F, 0x24, 0x12,
  0x13, 0x09, 0x14, 0x0C, 0x1A, 0x09, 0x22, 0x08, 0x01, 0x0B, 0x14, 0x10, 0x1B, 0x1F, 0x0B, 0x0B,
  0x14, 0x0E, 0x10, 0x25, 0x04, 0x08, 0x14, 0x01, 0x20, 0x1F, 0x1E, 0x15, 0x20, 0x08, 0x0E, 0x21,
  0x20, 0x1B, 0x08, 0x19, 0x17, 0x20, 0x14, 0x1D, 0x06, 0x12, 0x1C, 0x21, 0x19, 0x09, 0x09, 0x06,
  0x24, 0x09, 0x16, 0x20, 0x12, 0x18, 0x04, 0x0E, 0x1A, 0x15, 0x0A, 0x22, 0x25, 0x0E, 0x0A, 0x16,
  0x01, 0x0C, 0x1E, 0x20, 0x0D, 0x03, 0x03, 0x24, 0x24, 0x25, 0x13, 0x0C, 0x21, 0x22, 0x13, 0x1C,
  0x22, 0x0C, 0x24, 0x1E, 0x08, 0x1F, 0x0F, 0x14, 0x25, 0x1C, 0x1C, 0x20, 0x01, 0x0F, 0x13, 0x17,
  0x03, 0x1F, 0x04, 0x1C, 0x17, 0x1F, 0x05, 0x03, 0x04, 0x1C, 0x17, 0x16, 0x09, 0x05, 0x1E, 0x0A,
  0x1F, 0x14, 0x14, 0x0E, 0x1C, 0x03, 0x14, 0x1A, 0x09, 0x06, 0x24, 0x1F, 0x0C, 0x21, 0x25, 0x25,
  0x25, 0x0F, 0x25, 0x0F, 0x21, 0x25, 0x14, 0x20, 0x17, 0x09, 0x1A, 0x25, 0x25, 0x0F, 0x15, 0x0E,
  0x0D, 0x24, 0x0C, 0x25, 0x0D, 0x1C, 0x20, 0x25, 0x0F, 0x1E, 0x24, 0x21, 0x08, 0x0E, 0x08, 0x04,
  0x22, 0x04, 0x0A, 0x01, 0x0F, 0x21, 0x0E, 0x1A, 0x0C, 0x0A, 0x22, 0x01, 0x0E, 0x04, 0x06, 0x09,
  0x01, 0x17, 0x25, 0x1F, 0x1C, 0x09, 0x0B, 0x04, 0x20, 0x1A, 0x22, 0x1F, 0x25, 0x03, 0x01, 0x1B,
  0x1E, 0x22, 0x06, 0x1B, 0x1B, 0x0F, 0x17, 0x24, 0x0F, 0x22, 0x01, 0x0A, 0x01, 0x17, 0x09, 0x17,
  0x1B, 0x1B, 0x08, 0x12, 0x08, 0x1B, 0x1E, 0x0D, 0x0F, 0x17, 0x06, 0x06, 0x08, 0x17, 0x1E, 0x09,
  0x1A, 0x06, 0x0A, 0x1E, 0x0A, 0x1C, 0x01, 0x06, 0x1C, 0x08, 0x01, 0x1E, 0x1A, 0x06, 0x0A, 0x06,
  0x1E, 0x1F, 0x0F, 0x0D, 0x09, 0x12, 0x0A, 0x22, 0x22, 0x0A, 0x0A, 0x1B, 0x08, 0x08, 0x1B, 0x22,
  0x1E, 0x1F, 0x1F, 0x0A, 0x1E, 0x0A, 0x22, 0x0F, 0x0A, 0x1B, 0x08, 0x22, 0x08, 0x1A, 0x1A, 0x0D,
  0x1A, 0x0F, 0x1E, 0x1B, 0x1B, 0x12, 0x1B, 0x1E, 0x08, 0x08, 0x0F, 0x08, 0x0F, 0x08, 0x08, 0x1A,
  0x1A, 0x0F, 0x1B, 0x12, 0x0F, 0x0A, 0x1A, 0x1B, 0x1A, 0x1A, 0x1A, 0x1A, 0x1A, 0x1A, 0xFF, 0x00,
  0x00, 0x00, 0x00, 0x00, 0x00, 0x00, 0x00, 0x00, 0x00, 0x00, 0x00, 0x00, 0x00, 0x00, 0x00, 0x00,
  0x00, 0x00, 0x00, 0x00, 0x00, 0x00, 0x00, 0x00, 0x00, 0x00, 0x00, 0x00, 0x00, 0x00, 0x00, 0xE7,
  0x55, 0x2A, 0x55, 0x2A, 0x55, 0x2A, 0x55, 0x2A, 0x55, 0x2A, 0x55, 0x2A, 0x55, 0x2A, 0x55, 0x2A,
  0x55, 0x2A, 0x55, 0x2A, 0x55, 0x2A, 0x55, 0x2A, 0x55, 0x2A, 0x55, 0x2A, 0x55, 0x2A, 0x55, 0x2A,
  0x55, 0x2A, 0x55, 0x2A, 0x55, 0x2A, 0x55, 0x2A, 0x55, 0x2A, 0x55, 0x2A, 0x55, 0x0E, 0x0A, 0x55,
  0x02, 0x00, 0x2A, 0x40, 0x02, 0x00, 0x20, 0x51, 0x02, 0x00, 0x0A, 0x54, 0x3C, 0x2A, 0x55, 0x2A,
  0x55, 0x2A, 0x55, 0x2A, 0x55, 0x78, 0x70, 0x07, 0x2A, 0x65, 0x53, 0x2A, 0x55, 0x2A, 0x55, 0x2A,
  0x55, 0x2A, 0x15, 0x50, 0x2A, 0x21, 0x55, 0x6A, 0x57, 0x3A, 0x7D, 0x3A, 0x77, 0x3A, 0x77, 0x7A,
  0x55, 0x3A, 0x57, 0x6A, 0x7D, 0x2A, 0x57, 0x3A, 0x5D, 0x3A, 0x5D, 0x7A, 0x55, 0x0A, 0x2A, 0x00,
  0x28, 0x55, 0x02, 0x2A, 0x55, 0x2A, 0x55, 0x2A, 0x04, 0x80, 0x10, 0xD8, 0x08, 0xD8, 0x0D, 0xA3,
  0x55, 0x2A, 0x75, 0x2B, 0x55, 0x2B, 0x5D, 0x2B, 0x55, 0x2B, 0x5D, 0x3E, 0x75, 0x2B, 0x55, 0x2A,
  0x55, 0x2A, 0x7D, 0x2F, 0x5D, 0x2B, 0x7D, 0x2A, 0x75, 0x2B, 0x7D, 0x2A, 0x5D, 0x3B, 0x75, 0x2B,
  0x75, 0x2B, 0x55, 0x2A, 0x55, 0x2A, 0x55, 0x2A, 0x55, 0x2A, 0x55, 0x2A, 0x55, 0x1C, 0x2A, 0x55,
  0x00, 0x00, 0x00, 0x55, 0x00, 0x00, 0x20, 0x01, 0x00, 0x00, 0x2A, 0x01, 0x30, 0x2A, 0x55, 0x2A,
  0x55, 0x2A, 0x55, 0x2A, 0x55, 0x0A, 0x73, 0x19, 0x2A, 0x05, 0x53, 0x2A, 0x55, 0x2A, 0x55, 0x2A,
  0xFF, 0x42, 0x00, 0x44, 0xA0, 0xC4, 0x88, 0x2A, 0x55, 0x2A, 0x55, 0x2A, 0x55, 0x2A, 0x55, 0x2A,
  0x55, 0x2A, 0x55, 0x2A, 0x55, 0x2A, 0x55, 0x2A, 0x55, 0x2A, 0x55, 0x2A, 0x55, 0x0A, 0x2A, 0x55,
  0x0A, 0x01, 0x0A, 0x2A, 0x55, 0x2A, 0x55, 0x2A, 0x00, 0x13, 0x7F, 0x7F, 0x7F, 0x7F, 0x7F, 0x7F,
  0x55, 0x2A, 0x55, 0x2A, 0x55, 0x2A, 0x55, 0x2A, 0x55, 0x2A, 0x55, 0x2A, 0x55, 0x2A, 0x55, 0x2A,
  0x55, 0x2A, 0x55, 0x2A, 0x55, 0x2A, 0x55, 0x2A, 0x55, 0x2A, 0x55, 0x2A, 0x55, 0x2A, 0x55, 0x2A,
  0x55, 0x2A, 0x55, 0x2A, 0x55, 0x2A, 0x55, 0x2A, 0x55, 0x2A, 0x55, 0x2A, 0x55, 0x1C, 0x0A, 0x40,
  0x2A, 0x00, 0x00, 0x55, 0x02, 0x00, 0x20, 0x15, 0x00, 0x00, 0x0A, 0x40, 0x4A, 0x29, 0x55, 0x2A,
  0x55, 0x2A, 0x55, 0x2A, 0x55, 0x2A, 0x31, 0x78, 0x28, 0x15, 0x53, 0x2A, 0x55, 0x2A, 0x55, 0x2A,
  0x15, 0x84, 0x20, 0x90, 0xA2, 0xC4, 0x88, 0x41, 0x54, 0x2A, 0x55, 0x2A, 0x55, 0x2A, 0x55, 0x2A,
  0x55, 0x2A, 0x55, 0x2A, 0x55, 0x2A, 0x55, 0x2A, 0x55, 0x2A, 0x55, 0x2A, 0x55, 0x2A, 0x55, 0x2A,
  0x55, 0x40, 0x2A, 0x15, 0x55, 0x2A, 0x55, 0x2A, 0x7F, 0x7F, 0x7F, 0x7F, 0x7F, 0x7F, 0x7F, 0x7F,
  0x55, 0x2A, 0x55, 0x60, 0x00, 0x00, 0x00, 0x00, 0x00, 0x00, 0x00, 0x00, 0x00, 0x00, 0x00, 0x00,
  0x00, 0x00, 0x00, 0x00, 0x00, 0x60, 0x50, 0x2A, 0x55, 0x2A, 0x55, 0x2A, 0x55, 0x2A, 0x55, 0x2A,
  0x01, 0x00, 0x52, 0x2A, 0x55, 0x2A, 0x55, 0x2A, 0x55, 0x2A, 0x55, 0x2A, 0x45, 0x03, 0x00, 0x00,
  0x00, 0x00, 0x00, 0x00, 0x00, 0x00, 0x00, 0x00, 0x00, 0x00, 0x00, 0x00, 0x30, 0x28, 0x55, 0x2A,
  0x55, 0x2A, 0x55, 0x2A, 0x55, 0x2A, 0x15, 0x18, 0x23, 0x15, 0x4C, 0x2A, 0x55, 0x2A, 0x55, 0x2A,
  0x15, 0x00, 0x88, 0x91, 0xA2, 0x84, 0x2A, 0x15, 0x54, 0x2A, 0x55, 0x2A, 0x55, 0x2A, 0x55, 0x2A,
  0x55, 0x2A, 0x55, 0x2A, 0x55, 0x2A, 0x55, 0x2A, 0x55, 0x2A, 0x55, 0x2A, 0x55, 0x2A, 0x55, 0x02,
  0x28, 0x55, 0x02, 0x55, 0x0A, 0x54, 0x42, 0x2A, 0x7F, 0x7F, 0x7F, 0x7F, 0x7F, 0x7F, 0x7F, 0x7F,
  0x55, 0x2A, 0x15, 0x46, 0x02, 0x50, 0x00, 0x00, 0x2A, 0x41, 0x0A, 0x00, 0x28, 0x54, 0x00, 0x00,
  0x0A, 0x50, 0x02, 0x00, 0x0A, 0x50, 0x32, 0x2A, 0x55, 0x2A, 0x55, 0x2A, 0x55, 0x60, 0x7F, 0x1F,
  0x2A, 0x45, 0x2A, 0x21, 0x55, 0x2A, 0x55, 0x2A, 0x55, 0x2A, 0x55, 0x2A, 0x55, 0x2A, 0x55, 0x2A,
  0x55, 0x2A, 0x55, 0x2A, 0x55, 0x2A, 0x55, 0x2A, 0x55, 0x2A, 0x55, 0x2A, 0x55, 0x2A, 0x55, 0x2A,
  0x55, 0x2A, 0x55, 0x2A, 0x55, 0x2A, 0x55, 0x0A, 0x3F, 0x54, 0x02, 0x2A, 0x55, 0x2A, 0x55, 0x2A,
  0x15, 0xC0, 0x88, 0x41, 0x2A, 0x15, 0x0A, 0x50, 0x2A, 0x55, 0x2A, 0x01, 0x44, 0x01, 0x44, 0x2A,
  0x00, 0x50, 0x2A, 0x55, 0x2A, 0x55, 0x2A, 0x01, 0x44, 0x2A, 0x00, 0x50, 0x2A, 0x55, 0x2A, 0x55,
  0x2A, 0x10, 0x22, 0x40, 0x28, 0x55, 0x2A, 0x2A, 0x7F, 0x7F, 0x7F, 0x7F, 0x7F, 0x7F, 0x7F, 0x7F,
  0x55, 0x2A, 0x15, 0x06, 0x28, 0x15, 0x00, 0x00, 0x0A, 0x05, 0x2A, 0x00, 0x28, 0x55, 0x2A, 0x00,
  0x0A, 0x15, 0x00, 0x00, 0x2A, 0x01, 0x30, 0x28, 0x55, 0x2A, 0x55, 0x2A, 0x45, 0x79, 0x3F, 0x40,
  0x2A, 0x15, 0x0F, 0x28, 0x55, 0x2A, 0x55, 0x2A, 0x55, 0x2A, 0x55, 0x2A, 0x55, 0x2A, 0x55, 0x3A,
  0x5D, 0x2A, 0x5F, 0x2A, 0x5D, 0x2A, 0x75, 0x6A, 0x75, 0x7A, 0x5D, 0x2A, 0x75, 0x2F, 0x55, 0x2A,
  0x55, 0x2A, 0x55, 0x2A, 0x55, 0x2A, 0x55, 0x2A, 0x41, 0x51, 0x2A, 0x2A, 0x55, 0x2A, 0x55, 0x2A,
  0x29, 0x55, 0x2A, 0x15, 0x02, 0xC4, 0x88, 0x01, 0x50, 0x2A, 0x0A, 0x55, 0x2A, 0x55, 0x2A, 0x55,
  0x2A, 0x55, 0x50, 0x2A, 0x00, 0x01, 0x0A, 0x55, 0x2A, 0x55, 0x2A, 0x55, 0x0A, 0x11, 0x50, 0x2A,
  0x55, 0x2A, 0x55, 0x2A, 0x55, 0x20, 0x55, 0x2A, 0x7F, 0x7F, 0x7F, 0x7F, 0x7F, 0x7F, 0x7F, 0x7F,
  0x55, 0x2A, 0x15, 0x46, 0x0A, 0x50, 0x0A, 0x00, 0x0A, 0x54, 0x2A, 0x00, 0x28, 0x40, 0x2A, 0x00,
  0x0A, 0x54, 0x0A, 0x00, 0x0A, 0x40, 0x4A, 0x29, 0x55, 0x2A, 0x55, 0x2A, 0x45, 0x07, 0x7F, 0x47,
  0x2A, 0x65, 0x3F, 0x02, 0x55, 0x2A, 0x55, 0x2A, 0x55, 0x2A, 0x55, 0x2A, 0x55, 0x2A, 0x55, 0x7E,
  0x7F, 0x2A, 0x5F, 0x2A, 0x75, 0x3F, 0x55, 0x2A, 0x7D, 0x3F, 0x75, 0x3F, 0x7D, 0x3E, 0x55, 0x2A,
  0x55, 0x2A, 0x55, 0x2A, 0x55, 0x2A, 0x55, 0x2A, 0x55, 0x40, 0x0A, 0x28, 0x55, 0x2A, 0x55, 0x2A,
  0x55, 0x2A, 0x15, 0x84, 0x54, 0x2A, 0x55, 0x2A, 0x55, 0x2A, 0x55, 0x2A, 0x55, 0x2A, 0x55, 0x2A,
  0x55, 0x2A, 0x55, 0x2A, 0x55, 0x2A, 0x55, 0x2A, 0x55, 0x2A, 0x55, 0x2A, 0x55, 0x2A, 0x55, 0x2A,
  0x55, 0x2A, 0x55, 0x2A, 0x55, 0x2A, 0x55, 0x2A, 0x7F, 0x7F, 0x7F, 0x7F, 0x7F, 0x7F, 0x7F, 0x7F,
  0x55, 0x2A, 0x55, 0x2A, 0x55, 0x2A, 0x55, 0x2A, 0x55, 0x2A, 0x55, 0x2A, 0x55, 0x2A, 0x55, 0x2A,
  0x55, 0x2A, 0x55, 0x2A, 0x55, 0x2A, 0x55, 0x2A, 0x55, 0x2A, 0x55, 0x2A, 0x15, 0x66, 0x03, 0x46,
  0x0A, 0x60, 0x4F, 0x2A, 0x54, 0x2A, 0x55, 0x2A, 0x55, 0x2A, 0x55, 0x2A, 0x55, 0x2A, 0x55, 0x2A,
  0x55, 0x2A, 0x55, 0x2A, 0x55, 0x2A, 0x55, 0x2A, 0x55, 0x2A, 0x55, 0x2A, 0x55, 0x2A, 0x55, 0x2A,
  0x55, 0x2A, 0x55, 0x2A, 0x55, 0x2A, 0x55, 0x2A, 0x55, 0x42, 0x0A, 0x29, 0x55, 0x2A, 0x55, 0x2A,
  0x55, 0x2A, 0x55, 0x2A, 0x55, 0x2A, 0x55, 0x2A, 0x55, 0x2A, 0x55, 0x2A, 0x55, 0x2A, 0x55, 0x2A,
  0x55, 0x2A, 0x55, 0x2A, 0x55, 0x2A, 0x55, 0x2A, 0x55, 0x2A, 0x55, 0x2A, 0x55, 0x2A, 0x55, 0x2A,
  0x55, 0x2A, 0x55, 0x2A, 0x55, 0x2A, 0x55, 0x2A, 0x7F, 0x7F, 0x7F, 0x7F, 0x7F, 0x7F, 0x7F, 0x7F,
  0x55, 0x2A, 0x75, 0x2A, 0x7D, 0x2A, 0x7F, 0x2B, 0x7D, 0x2A, 0x5F, 0x2B, 0x75, 0x2A, 0x55, 0x2A,
  0x55, 0x2A, 0x7F, 0x2B, 0x7F, 0x2B, 0x7F, 0x2B, 0x75, 0x2A, 0x7F, 0x2B, 0x5F, 0x2B, 0x7D, 0x2B,
  0x75, 0x2A, 0x55, 0x2A, 0x55, 0x2A, 0x55, 0x2A, 0x55, 0x2A, 0x55, 0x2A, 0x55, 0x1C, 0x0A, 0x55,
  0x02, 0x00, 0x2A, 0x40, 0x02, 0x00, 0x20, 0x51, 0x02, 0x00, 0x0A, 0x54, 0x30, 0x2A, 0x55, 0x2A,
  0x55, 0x2A, 0x55, 0x2A, 0x55, 0x60, 0x7C, 0x19, 0x0A, 0x64, 0x53, 0x2A, 0x55, 0x2A, 0x55, 0x2A,
  0x55, 0x2A, 0x15, 0x40, 0x2A, 0x00, 0x55, 0x2A, 0x5F, 0x3A, 0x7D, 0x3A, 0x77, 0x3A, 0x77, 0x3A,
  0x5D, 0x3A, 0x5F, 0x6A, 0x5F, 0x2A, 0x5F, 0x3A, 0x5D, 0x3A, 0x5D, 0x3A, 0x5D, 0x4A, 0x2A, 0x55,
  0x2A, 0x55, 0x28, 0x2A, 0x55, 0x2A, 0x55, 0x2A, 0x7F, 0x7F, 0x7F, 0x7F, 0x7F, 0x7F, 0x7F, 0x7F,
  0x55, 0x2A, 0x55, 0x2F, 0x55, 0x2F, 0x5D, 0x2F, 0x55, 0x2F, 0x5D, 0x3E, 0x55, 0x2F, 0x55, 0x2A,
  0x55, 0x2A, 0x5D, 0x2A, 0x5D, 0x2F, 0x5D, 0x2E, 0x55, 0x2F, 0x5D, 0x2E, 0x5D, 0x3B, 0x75, 0x2B,
  0x55, 0x2F, 0x55, 0x2A, 0x55, 0x2A, 0x55, 0x2A, 0x55, 0x2A, 0x55, 0x2A, 0x55, 0x1C, 0x2A, 0x55,
  0x00, 0x00, 0x00, 0x55, 0x00, 0x00, 0x20, 0x01, 0x00, 0x00, 0x2A, 0x01, 0x30, 0x2A, 0x55, 0x2A,
  0x55, 0x2A, 0x55, 0x2A, 0x55, 0x0A, 0x3F, 0x18, 0x2A, 0x65, 0x53, 0x2A, 0x55, 0x2A, 0x55, 0x2A,
  0xFF, 0x12, 0x08, 0x00, 0x02, 0x91, 0xA2, 0x28, 0x55, 0x2A, 0x55, 0x2A, 0x55, 0x2A, 0x55, 0x2A,
  0x55, 0x2A, 0x55, 0x2A, 0x55, 0x2A, 0x55, 0x2A, 0x55, 0x2A, 0x55, 0x2A, 0x55, 0x0A, 0x22, 0x55,
  0x0A, 0x41, 0x2A, 0x2A, 0x55, 0x2A, 0x55, 0x2A, 0x7F, 0x7F, 0x7F, 0x7F, 0x7F, 0x7F, 0x7F, 0x7F,
  0x55, 0x2A, 0x55, 0x2A, 0x55, 0x2A, 0x55, 0x2A, 0x55, 0x2A, 0x55, 0x2A, 0x55, 0x2A, 0x55, 0x2A,
  0x55, 0x2A, 0x55, 0x2A, 0x55, 0x2A, 0x55, 0x2A, 0x55, 0x2A, 0x55, 0x2A, 0x55, 0x2A, 0x55, 0x2A,
  0x55, 0x2A, 0x55, 0x2A, 0x55, 0x2A, 0x55, 0x2A, 0x55, 0x2A, 0x55, 0x2A, 0x05, 0x1C, 0x0A, 0x40,
  0x2A, 0x00, 0x00, 0x55, 0x02, 0x00, 0x20, 0x15, 0x00, 0x00, 0x0A, 0x40, 0x4A, 0x29, 0x55, 0x2A,
  0x55, 0x2A, 0x55, 0x2A, 0x55, 0x2A, 0x01, 0x78, 0x28, 0x15, 0x53, 0x2A, 0x55, 0x2A, 0x55, 0x2A,
  0x15, 0x00, 0x20, 0xC4, 0x88, 0x91, 0xA2, 0x44, 0x54, 0x2A, 0x55, 0x2A, 0x55, 0x2A, 0x55, 0x2A,
  0x55, 0x2A, 0x55, 0x2A, 0x55, 0x2A, 0x55, 0x2A, 0x55, 0x2A, 0x55, 0x2A, 0x55, 0x2A, 0x55, 0x2A,
  0x55, 0x02, 0x20, 0x15, 0x54, 0x2A, 0x55, 0x2A, 0x7F, 0x7F, 0x7F, 0x7F, 0x7F, 0x7F, 0x7F, 0x7F,
  0x55, 0x2A, 0x55, 0x78, 0x28, 0x01, 0x00, 0x50, 0x02, 0x14, 0x00, 0x40, 0x2A, 0x01, 0x00, 0x50,
  0x02, 0x05, 0x00, 0x50, 0x2A, 0x65, 0x53, 0x2A, 0x55, 0x2A, 0x55, 0x2A, 0x55, 0x2A, 0x55, 0x0A,
  0x20, 0x05, 0x42, 0x2A, 0x55, 0x2A, 0x55, 0x2A, 0x55, 0x2A, 0x55, 0x2A, 0x05, 0x7E, 0x7F, 0x7F,
  0x7F, 0x7F, 0x7F, 0x7F, 0x7F, 0x7F, 0x7F, 0x7F, 0x7F, 0x7F, 0x7F, 0x7F, 0x3F, 0x2A, 0x55, 0x2A,
  0x55, 0x2A, 0x55, 0x2A, 0x55, 0x2A, 0x55, 0x00, 0x23, 0x55, 0x4C, 0x2A, 0x55, 0x2A, 0x55, 0x2A,
  0x15, 0x00, 0xA2, 0xC4, 0x88, 0x40, 0x2A, 0x15, 0x54, 0x2A, 0x55, 0x2A, 0x55, 0x2A, 0x55, 0x2A,
  0x55, 0x2A, 0x55, 0x2A, 0x55, 0x2A, 0x55, 0x2A, 0x55, 0x2A, 0x55, 0x2A, 0x55, 0x2A, 0x15, 0x40,
  0x2A, 0x55, 0x02, 0x55, 0x2A, 0x50, 0x4A, 0x2A, 0x7F, 0x7F, 0x7F, 0x7F, 0x7F, 0x7F, 0x7F, 0x7F,
  0x55, 0x2A, 0x15, 0x46, 0x02, 0x40, 0x02, 0x00, 0x2A, 0x01, 0x2A, 0x00, 0x28, 0x50, 0x02, 0x00,
  0x0A, 0x54, 0x02, 0x00, 0x0A, 0x40, 0x32, 0x2A, 0x55, 0x2A, 0x55, 0x2A, 0x55, 0x78, 0x03, 0x00,
  0x2A, 0x05, 0x28, 0x25, 0x55, 0x2A, 0x55, 0x2A, 0x55, 0x2A, 0x55, 0x2A, 0x55, 0x2A, 0x55, 0x2A,
  0x55, 0x2A, 0x55, 0x2A, 0x55, 0x2A, 0x55, 0x2A, 0x55, 0x2A, 0x55, 0x2A, 0x55, 0x2A, 0x55, 0x2A,
  0x55, 0x2A, 0x55, 0x2A, 0x55, 0x2A, 0x55, 0x0A, 0x3C, 0x54, 0x0A, 0x2A, 0x55, 0x2A, 0x55, 0x2A,
  0x15, 0x90, 0xA2, 0x50, 0x2A, 0x05, 0x00, 0x50, 0x2A, 0x55, 0x2A, 0x55, 0x00, 0x55, 0x00, 0x00,
  0x28, 0x55, 0x2A, 0x55, 0x2A, 0x55, 0x2A, 0x55, 0x00, 0x00, 0x28, 0x55, 0x2A, 0x55, 0x2A, 0x55,
  0x22, 0x11, 0x02, 0x00, 0x20, 0x55, 0x2A, 0x2A, 0x7F, 0x7F, 0x7F, 0x7F, 0x7F, 0x7F, 0x7F, 0x7F,
  0x55, 0x2A, 0x15, 0x06, 0x00, 0x54, 0x00, 0x00, 0x0A, 0x14, 0x2A, 0x00, 0x28, 0x55, 0x2A, 0x00,
  0x0A, 0x54, 0x00, 0x00, 0x0A, 0x40, 0x72, 0x29, 0x55, 0x2A, 0x55, 0x2A, 0x45, 0x79, 0x03, 0x46,
  0x2A, 0x04, 0x30, 0x28, 0x55, 0x2A, 0x55, 0x2A, 0x55, 0x2A, 0x55, 0x2A, 0x55, 0x2A, 0x55, 0x7A,
  0x5F, 0x2A, 0x5F, 0x2A, 0x5D, 0x2A, 0x75, 0x6A, 0x75, 0x7A, 0x5D, 0x2A, 0x75, 0x2B, 0x55, 0x2A,
  0x55, 0x2A, 0x55, 0x2A, 0x55, 0x2A, 0x55, 0x2A, 0x45, 0x51, 0x2A, 0x2A, 0x55, 0x2A, 0x55, 0x2A,
  0x29, 0x55, 0x2A, 0x01, 0x00, 0x91, 0x82, 0x01, 0x55, 0x2A, 0x0A, 0x45, 0x2A, 0x45, 0x2A, 0x55,
  0x2A, 0x15, 0x55, 0x2A, 0x05, 0x00, 0x0A, 0x45, 0x2A, 0x55, 0x2A, 0x15, 0x0A, 0x00, 0x54, 0x2A,
  0x55, 0x2A, 0x55, 0x2A, 0x55, 0x2A, 0x55, 0x2A, 0x7F, 0x7F, 0x7F, 0x7F, 0x7F, 0x7F, 0x7F, 0x7F,
  0x55, 0x2A, 0x15, 0x06, 0x2A, 0x55, 0x0A, 0x40, 0x0A, 0x54, 0x2A, 0x00, 0x2A, 0x40, 0x2A, 0x40,
  0x0A, 0x54, 0x0A, 0x40, 0x2A, 0x55, 0x4A, 0x29, 0x55, 0x2A, 0x55, 0x2A, 0x45, 0x61, 0x7F, 0x47,
  0x2A, 0x05, 0x30, 0x02, 0x54, 0x2A, 0x55, 0x2A, 0x55, 0x2A, 0x55, 0x2A, 0x55, 0x2A, 0x55, 0x2A,
  0x55, 0x2A, 0x55, 0x2A, 0x55, 0x2A, 0x55, 0x2A, 0x55, 0x2A, 0x55, 0x2A, 0x55, 0x2A, 0x55, 0x2A,
  0x55, 0x2A, 0x55, 0x2A, 0x55, 0x2A, 0x55, 0x2A, 0x55, 0x42, 0x2A, 0x29, 0x55, 0x2A, 0x55, 0x2A,
  0x55, 0x2A, 0x15, 0x00, 0x55, 0x2A, 0x55, 0x2A, 0x55, 0x2A, 0x55, 0x2A, 0x55, 0x2A, 0x55, 0x2A,
  0x55, 0x2A, 0x55, 0x2A, 0x55, 0x2A, 0x55, 0x2A, 0x55, 0x2A, 0x55, 0x2A, 0x55, 0x2A, 0x55, 0x2A,
  0x55, 0x2A, 0x55, 0x2A, 0x55, 0x2A, 0x55, 0x2A, 0x7F, 0x7F, 0x7F, 0x7F, 0x7F, 0x7F, 0x7F, 0x7F,
  0x55, 0x2A, 0x55, 0x2A, 0x55, 0x00, 0x00, 0x00, 0x00, 0x00, 0x00, 0x00, 0x00, 0x00, 0x00, 0x00,
  0x00, 0x00, 0x00, 0x00, 0x54, 0x2A, 0x55, 0x2A, 0x55, 0x2A, 0x55, 0x2A, 0x15, 0x66, 0x70, 0x47,
  0x2A, 0x78, 0x4F, 0x2A, 0x55, 0x2A, 0x55, 0x2A, 0x55, 0x2A, 0x55, 0x2A, 0x55, 0x2A, 0x55, 0x6A,
  0x55, 0x6A, 0x55, 0x3E, 0x57, 0x3E, 0x57, 0x7E, 0x57, 0x7E, 0x57, 0x3E, 0x57, 0x7A, 0x55, 0x3E,
  0x55, 0x3E, 0x55, 0x7E, 0x57, 0x2A, 0x55, 0x2A, 0x55, 0x40, 0x0A, 0x28, 0x55, 0x2A, 0x55, 0x2A,
  0x55, 0x2A, 0x55, 0x2A, 0x55, 0x2A, 0x55, 0x2A, 0x55, 0x2A, 0x55, 0x2A, 0x55, 0x2A, 0x55, 0x2A,
  0x55, 0x2A, 0x55, 0x2A, 0x55, 0x2A, 0x55, 0x2A, 0x55, 0x2A, 0x55, 0x2A, 0x55, 0x2A, 0x55, 0x2A,
  0x55, 0x2A, 0x55, 0x2A, 0x55, 0x2A, 0x55, 0x2A, 0x7F, 0x7F, 0x7F, 0x7F, 0x7F, 0x7F, 0x7F, 0x7F,
  0x55, 0x2A, 0x7D, 0x2B, 0x75, 0x2A, 0x5D, 0x2F, 0x75, 0x2A, 0x5D, 0x2B, 0x7D, 0x2B, 0x55, 0x2A,
  0x55, 0x2A, 0x7D, 0x2B, 0x5D, 0x2F, 0x7D, 0x2B, 0x7D, 0x2B, 0x7D, 0x2B, 0x5D, 0x2E, 0x7F, 0x2B,
  0x7D, 0x2B, 0x55, 0x2A, 0x55, 0x2A, 0x55, 0x2A, 0x55, 0x2A, 0x55, 0x2A, 0x55, 0x1C, 0x0A, 0x54,
  0x02, 0x00, 0x28, 0x01, 0x0A, 0x00, 0x20, 0x01, 0x0A, 0x00, 0x0A, 0x50, 0x32, 0x2A, 0x55, 0x2A,
  0x55, 0x2A, 0x55, 0x2A, 0x55, 0x62, 0x3C, 0x18, 0x2A, 0x60, 0x50, 0x2A, 0x55, 0x2A, 0x55, 0x2A,
  0x55, 0x2A, 0x05, 0x44, 0x2A, 0x10, 0x55, 0x3A, 0x5D, 0x3A, 0x7D, 0x3A, 0x75, 0x3A, 0x75, 0x3A,
  0x7D, 0x3A, 0x5F, 0x6A, 0x5F, 0x2A, 0x5F, 0x3A, 0x7D, 0x3A, 0x7D, 0x3A, 0x7D, 0x4A, 0x2A, 0x55,
  0x2A, 0x55, 0x08, 0x2A, 0x55, 0x2A, 0x55, 0x2A, 0x7F, 0x7F, 0x7F, 0x7F, 0x7F, 0x7F, 0x7F, 0x7F,
  0x55, 0x2A, 0x5D, 0x2E, 0x55, 0x2F, 0x5D, 0x2F, 0x55, 0x2F, 0x5D, 0x3E, 0x5D, 0x2E, 0x55, 0x2A,
  0x55, 0x2A, 0x5D, 0x2A, 0x5D, 0x2F, 0x5D, 0x3E, 0x5D, 0x2E, 0x5D, 0x3E, 0x5D, 0x3B, 0x75, 0x2B,
  0x5D, 0x2E, 0x55, 0x2A, 0x55, 0x2A, 0x55, 0x2A, 0x55, 0x2A, 0x55, 0x2A, 0x55, 0x1C, 0x2A, 0x55,
  0x02, 0x00, 0x00, 0x15, 0x00, 0x00, 0x20, 0x05, 0x00, 0x00, 0x2A, 0x01, 0x30, 0x2A, 0x55, 0x2A,
  0x55, 0x2A, 0x55, 0x2A, 0x55, 0x0A, 0x3C, 0x1E, 0x2A, 0x65, 0x53, 0x2A, 0x55, 0x2A, 0x55, 0x2A,
  0xFF, 0x42, 0x08, 0x11, 0xA0, 0xC4, 0x88, 0x21, 0x55, 0x2A, 0x55, 0x2A, 0x55, 0x2A, 0x55, 0x2A,
  0x55, 0x2A, 0x55, 0x2A, 0x55, 0x2A, 0x55, 0x2A, 0x55, 0x2A, 0x55, 0x2A, 0x55, 0x0A, 0x20, 0x44,
  0x00, 0x50, 0x2A, 0x28, 0x55, 0x2A, 0x55, 0x2A, 0x7F, 0x7F, 0x7F, 0x7F, 0x7F, 0x7F, 0x7F, 0x7F,
  0x55, 0x2A, 0x55, 0x2A, 0x55, 0x2A, 0x55, 0x2A, 0x55, 0x2A, 0x55, 0x2A, 0x55, 0x2A, 0x55, 0x2A,
  0x55, 0x2A, 0x55, 0x2A, 0x55, 0x2A, 0x55, 0x2A, 0x55, 0x2A, 0x55, 0x2A, 0x55, 0x2A, 0x55, 0x2A,
  0x55, 0x2A, 0x55, 0x2A, 0x55, 0x2A, 0x55, 0x2A, 0x55, 0x2A, 0x55, 0x2A, 0x05, 0x0C, 0x0A, 0x40,
  0x2A, 0x00, 0x00, 0x55, 0x02, 0x00, 0x20, 0x15, 0x00, 0x00, 0x0A, 0x40, 0x4A, 0x29, 0x55, 0x2A,
  0x55, 0x2A, 0x55, 0x2A, 0x55, 0x2A, 0x45, 0x1F, 0x28, 0x15, 0x53, 0x2A, 0x55, 0x2A, 0x55, 0x2A,
  0x15, 0x84, 0x00, 0x90, 0xA2, 0xC4, 0x88, 0x41, 0x54, 0x2A, 0x55, 0x2A, 0x55, 0x2A, 0x55, 0x2A,
  0x55, 0x2A, 0x55, 0x2A, 0x55, 0x2A, 0x55, 0x2A, 0x55, 0x2A, 0x55, 0x2A, 0x55, 0x2A, 0x55, 0x2A,
  0x55, 0x0A, 0x28, 0x55, 0x54, 0x2A, 0x55, 0x2A, 0x7F, 0x7F, 0x7F, 0x7F, 0x7F, 0x7F, 0x7F, 0x7F,
  0x55, 0x2A, 0x15, 0x18, 0x28, 0x01, 0x00, 0x50, 0x02, 0x14, 0x00, 0x40, 0x2A, 0x01, 0x00, 0x50,
  0x02, 0x05, 0x00, 0x50, 0x2A, 0x05, 0x43, 0x2A, 0x55, 0x2A, 0x55, 0x2A, 0x55, 0x2A, 0x55, 0x02,
  0x28, 0x55, 0x4A, 0x2A, 0x55, 0x2A, 0x55, 0x2A, 0x55, 0x2A, 0x55, 0x2A, 0x15, 0x00, 0x00, 0x00,
  0x00, 0x00, 0x00, 0x00, 0x00, 0x00, 0x00, 0x00, 0x00, 0x00, 0x00, 0x00, 0x00, 0x2A, 0x55, 0x2A,
  0x55, 0x2A, 0x55, 0x2A, 0x55, 0x2A, 0x55, 0x78, 0x03, 0x55, 0x40, 0x2A, 0x55, 0x2A, 0x55, 0x2A,
  0x15, 0xC4, 0x88, 0x91, 0x82, 0x54, 0x2A, 0x45, 0x44, 0x2A, 0x55, 0x2A, 0x55, 0x2A, 0x55, 0x2A,
  0x55, 0x2A, 0x05, 0x00, 0x54, 0x2A, 0x55, 0x2A, 0x55, 0x2A, 0x55, 0x2A, 0x55, 0x2A, 0x01, 0x54,
  0x2A, 0x55, 0x0A, 0x41, 0x2A, 0x41, 0x4A, 0x2A, 0x7F, 0x7F, 0x7F, 0x7F, 0x7F, 0x7F, 0x7F, 0x7F,
  0x55, 0x2A, 0x15, 0x46, 0x02, 0x40, 0x02, 0x00, 0x2A, 0x01, 0x2A, 0x00, 0x28, 0x50, 0x02, 0x00,
  0x0A, 0x54, 0x02, 0x00, 0x0A, 0x40, 0x32, 0x2A, 0x55, 0x2A, 0x55, 0x2A, 0x15, 0x18, 0x70, 0x1F,
  0x2A, 0x05, 0x20, 0x25, 0x55, 0x2A, 0x55, 0x2A, 0x55, 0x2A, 0x55, 0x2A, 0x55, 0x2A, 0x55, 0x2A,
  0x55, 0x2A, 0x55, 0x2A, 0x55, 0x28, 0x55, 0x2A, 0x55, 0x2A, 0x55, 0x2A, 0x55, 0x2A, 0x55, 0x2A,
  0x55, 0x2A, 0x55, 0x2A, 0x55, 0x2A, 0x55, 0x2A, 0x3C, 0x54, 0x08, 0x2A, 0x55, 0x2A, 0x55, 0x2A,
  0x05, 0xC0, 0x88, 0x54, 0x2A, 0x45, 0x00, 0x51, 0x2A, 0x55, 0x2A, 0x55, 0x2A, 0x55, 0x2A, 0x55,
  0x2A, 0x55, 0x2A, 0x55, 0x2A, 0x55, 0x2A, 0x55, 0x2A, 0x55, 0x2A, 0x55, 0x2A, 0x55, 0x2A, 0x15,
  0x02, 0x00, 0x50, 0x02, 0x22, 0x55, 0x0A, 0x2A, 0x7F, 0x7F, 0x7F, 0x7F, 0x7F, 0x7F, 0x7F, 0x7F,
  0x55, 0x2A, 0x15, 0x06, 0x00, 0x54, 0x00, 0x00, 0x0A, 0x14, 0x2A, 0x00, 0x28, 0x55, 0x2A, 0x00,
  0x0A, 0x54, 0x00, 0x00, 0x0A, 0x40, 0x42, 0x29, 0x55, 0x2A, 0x55, 0x2A, 0x05, 0x78, 0x70, 0x47,
  0x2A, 0x60, 0x43, 0x29, 0x55, 0x2A, 0x55, 0x2A, 0x55, 0x2A, 0x55, 0x2A, 0x55, 0x2A, 0x55, 0x7A,
  0x5F, 0x2A, 0x57, 0x2A, 0x5D, 0x3A, 0x75, 0x7F, 0x75, 0x7A, 0x5D, 0x3A, 0x75, 0x2E, 0x55, 0x2A,
  0x55, 0x2A, 0x55, 0x2A, 0x55, 0x2A, 0x55, 0x2A, 0x45, 0x51, 0x2A, 0x2A, 0x55, 0x2A, 0x55, 0x2A,
  0x29, 0x55, 0x2A, 0x45, 0xA0, 0xC4, 0x88, 0x28, 0x55, 0x2A, 0x00, 0x44, 0x22, 0x44, 0x22, 0x54,
  0x2A, 0x10, 0x55, 0x2A, 0x55, 0x02, 0x00, 0x44, 0x22, 0x54, 0x2A, 0x10, 0x28, 0x20, 0x55, 0x2A,
  0x55, 0x2A, 0x55, 0x2A, 0x55, 0x2A, 0x55, 0x2A, 0x7F, 0x7F, 0x7F, 0x7F, 0x7F, 0x7F, 0x7F, 0x7F,
  0x55, 0x2A, 0x15, 0x1E, 0x2A, 0x55, 0x0A, 0x40, 0x0A, 0x54, 0x2A, 0x00, 0x2A, 0x40, 0x2A, 0x40,
  0x0A, 0x54, 0x0A, 0x40, 0x2A, 0x55, 0x4A, 0x29, 0x55, 0x2A, 0x55, 0x2A, 0x45, 0x79, 0x7F, 0x47,
  0x2A, 0x05, 0x03, 0x02, 0x54, 0x2A, 0x55, 0x2A, 0x55, 0x2A, 0x55, 0x2A, 0x55, 0x2A, 0x55, 0x2A,
  0x55, 0x2A, 0x55, 0x2A, 0x55, 0x2A, 0x55, 0x2A, 0x55, 0x2A, 0x55, 0x2A, 0x55, 0x2A, 0x55, 0x2A,
  0x55, 0x2A, 0x55, 0x2A, 0x55, 0x2A, 0x55, 0x2A, 0x55, 0x42, 0x2A, 0x29, 0x55, 0x2A, 0x55, 0x2A,
  0x55, 0x2A, 0x55, 0x2A, 0x55, 0x2A, 0x55, 0x2A, 0x55, 0x2A, 0x55, 0x2A, 0x55, 0x2A, 0x55, 0x2A,
  0x55, 0x2A, 0x55, 0x2A, 0x55, 0x2A, 0x55, 0x2A, 0x55, 0x2A, 0x55, 0x2A, 0x55, 0x2A, 0x55, 0x2A,
  0x55, 0x2A, 0x55, 0x2A, 0x55, 0x2A, 0x55, 0x2A, 0x7F, 0x7F, 0x7F, 0x7F, 0x7F, 0x7F, 0x7F, 0x7F,
  0x55, 0x2A, 0x55, 0x2A, 0x15, 0x7E, 0x7F, 0x7F, 0x7F, 0x7F, 0x7F, 0x7F, 0x7F, 0x7F, 0x7F, 0x7F,
  0x7F, 0x7F, 0x7F, 0x7F, 0x54, 0x2A, 0x55, 0x2A, 0x55, 0x2A, 0x55, 0x2A, 0x15, 0x7E, 0x7C, 0x47,
  0x2A, 0x19, 0x40, 0x2A, 0x55, 0x2A, 0x55, 0x2A, 0x55, 0x2A, 0x55, 0x2A, 0x55, 0x20, 0x55, 0x7A,
  0x57, 0x7A, 0x57, 0x3A, 0x5D, 0x3A, 0x5D, 0x7A, 0x57, 0x3A, 0x5F, 0x3A, 0x5D, 0x6A, 0x55, 0x3A,
  0x55, 0x3A, 0x55, 0x7A, 0x57, 0x2A, 0x55, 0x00, 0x54, 0x40, 0x2A, 0x29, 0x55, 0x2A, 0x55, 0x2A,
  0x00, 0x00, 0x00, 0x00, 0x00, 0x00, 0x00, 0x00, 0x00, 0x00, 0x00, 0x00, 0x00, 0x00, 0x00, 0x00,
  0x00, 0x00, 0x00, 0x00, 0x00, 0x00, 0x00, 0x00, 0x00, 0x00, 0x00, 0x00, 0x00, 0x00, 0x00, 0x00,
  0x00, 0x00, 0x00, 0x00, 0x00, 0x00, 0x00, 0x00, 0x7F, 0x7F, 0x7F, 0x7F, 0x7F, 0x7F, 0x7F, 0x7F,
  0x55, 0x2A, 0x7D, 0x2B, 0x55, 0x2B, 0x5D, 0x2E, 0x55, 0x2B, 0x5D, 0x2E, 0x7D, 0x2B, 0x55, 0x2A,
  0x55, 0x2A, 0x5D, 0x2F, 0x5D, 0x2E, 0x5D, 0x2F, 0x7D, 0x2B, 0x5D, 0x2F, 0x7D, 0x2E, 0x75, 0x2E,
  0x7D, 0x2B, 0x55, 0x2A, 0x55, 0x2A, 0x55, 0x2A, 0x55, 0x2A, 0x55, 0x2A, 0x55, 0x1C, 0x0A, 0x54,
  0x02, 0x00, 0x28, 0x01, 0x0A, 0x00, 0x20, 0x01, 0x0A, 0x00, 0x0A, 0x50, 0x32, 0x2A, 0x55, 0x2A,
  0x55, 0x2A, 0x55, 0x2A, 0x55, 0x62, 0x0C, 0x1E, 0x2A, 0x05, 0x50, 0x2A, 0x55, 0x2A, 0x55, 0x2A,
  0x55, 0x2A, 0x05, 0x44, 0x0A, 0x10, 0x00, 0x3A, 0x7D, 0x3A, 0x7D, 0x3A, 0x75, 0x3A, 0x75, 0x3A,
  0x7D, 0x3A, 0x7F, 0x2A, 0x5F, 0x2A, 0x5F, 0x3A, 0x7D, 0x3A, 0x7D, 0x3A, 0x7D, 0x4A, 0x2A, 0x55,
  0x2A, 0x15, 0x40, 0x2A, 0x55, 0x2A, 0x55, 0x2A, 0x7F, 0x7F, 0x7F, 0x7F, 0x7F, 0x7F, 0x7F, 0x7F,
  0x55, 0x2A, 0x5D, 0x3E, 0x55, 0x2F, 0x5D, 0x3F, 0x55, 0x2F, 0x5D, 0x3E, 0x5D, 0x3E, 0x55, 0x2A,
  0x55, 0x2A, 0x5D, 0x2A, 0x5D, 0x3F, 0x5D, 0x3E, 0x5D, 0x3E, 0x5D, 0x3E, 0x5D, 0x3B, 0x75, 0x2B,
  0x5D, 0x3E, 0x55, 0x2A, 0x55, 0x2A, 0x55, 0x2A, 0x55, 0x2A, 0x55, 0x2A, 0x55, 0x1C, 0x2A, 0x55,
  0x02, 0x00, 0x00, 0x15, 0x00, 0x00, 0x20, 0x05, 0x00, 0x00, 0x2A, 0x01, 0x30, 0x28, 0x55, 0x2A,
  0x55, 0x2A, 0x55, 0x2A, 0x55, 0x2A, 0x0C, 0x1E, 0x28, 0x61, 0x53, 0x2A, 0x55, 0x2A, 0x55, 0x2A,
  0xFF, 0x12, 0x00, 0x00, 0x00, 0x91, 0xA2, 0x24, 0x55, 0x2A, 0x55, 0x2A, 0x55, 0x2A, 0x55, 0x2A,
  0x55, 0x2A, 0x55, 0x2A, 0x55, 0x2A, 0x55, 0x2A, 0x55, 0x2A, 0x55, 0x2A, 0x55, 0x2A, 0x20, 0x04,
  0x02, 0x54, 0x2A, 0x29, 0x55, 0x2A, 0x55, 0x2A, 0x7F, 0x7F, 0x7F, 0x7F, 0x7F, 0x7F, 0x7F, 0x7F,
  0x55, 0x2A, 0x55, 0x2A, 0x55, 0x2A, 0x55, 0x2A, 0x55, 0x2A, 0x55, 0x2A, 0x55, 0x2A, 0x55, 0x2A,
  0x55, 0x2A, 0x55, 0x2A, 0x55, 0x2A, 0x55, 0x2A, 0x55, 0x2A, 0x55, 0x2A, 0x55, 0x2A, 0x55, 0x2A,
  0x55, 0x2A, 0x15, 0x2A, 0x55, 0x2A, 0x55, 0x2A, 0x55, 0x2A, 0x55, 0x2A, 0x45, 0x0F, 0x0A, 0x40,
  0x2A, 0x00, 0x00, 0x55, 0x02, 0x00, 0x20, 0x15, 0x00, 0x00, 0x0A, 0x40, 0x4A, 0x29, 0x55, 0x2A,
  0x55, 0x2A, 0x55, 0x2A, 0x55, 0x2A, 0x45, 0x07, 0x28, 0x15, 0x53, 0x2A, 0x55, 0x2A, 0x55, 0x2A,
  0x15, 0x00, 0x08, 0xC4, 0x88, 0x91, 0xA2, 0x50, 0x54, 0x2A, 0x55, 0x2A, 0x55, 0x2A, 0x55, 0x2A,
  0x55, 0x2A, 0x55, 0x2A, 0x55, 0x2A, 0x55, 0x2A, 0x55, 0x2A, 0x55, 0x2A, 0x55, 0x2A, 0x55, 0x2A,
  0x55, 0x0A, 0x2A, 0x55, 0x00, 0x2A, 0x55, 0x2A, 0x7F, 0x7F, 0x7F, 0x7F, 0x7F, 0x7F, 0x7F, 0x7F,
  0x55, 0x2A, 0x15, 0x1E, 0x2A, 0x05, 0x00, 0x40, 0x0A, 0x50, 0x00, 0x00, 0x2A, 0x05, 0x00, 0x40,
  0x02, 0x14, 0x00, 0x40, 0x2A, 0x15, 0x4F, 0x2A, 0x55, 0x2A, 0x55, 0x2A, 0x55, 0x2A, 0x15, 0x60,
  0x28, 0x55, 0x42, 0x2A, 0x55, 0x2A, 0x55, 0x2A, 0x55, 0x2A, 0x55, 0x2A, 0x55, 0x2A, 0x55, 0x2A,
  0x55, 0x2A, 0x55, 0x2A, 0x55, 0x2A, 0x55, 0x2A, 0x55, 0x2A, 0x55, 0x2A, 0x55, 0x2A, 0x55, 0x2A,
  0x55, 0x2A, 0x55, 0x2A, 0x55, 0x2A, 0x55, 0x60, 0x0F, 0x55, 0x42, 0x2A, 0x55, 0x2A, 0x55, 0x2A,
  0x15, 0x90, 0xA2, 0xC4, 0x00, 0x55, 0x2A, 0x01, 0x00, 0x25, 0x55, 0x2A, 0x55, 0x2A, 0x55, 0x2A,
  0x55, 0x2A, 0x01, 0x55, 0x40, 0x2A, 0x55, 0x2A, 0x55, 0x2A, 0x55, 0x2A, 0x55, 0x0A, 0x20, 0x55,
  0x2A, 0x55, 0x0A, 0x50, 0x2A, 0x05, 0x0A, 0x2A, 0x7F, 0x7F, 0x7F, 0x7F, 0x7F, 0x7F, 0x7F, 0x7F,
  0x55, 0x2A, 0x15, 0x46, 0x0A, 0x00, 0x00, 0x00, 0x0A, 0x05, 0x2A, 0x00, 0x28, 0x50, 0x0A, 0x00,
  0x2A, 0x15, 0x00, 0x00, 0x0A, 0x00, 0x30, 0x2A, 0x55, 0x2A, 0x55, 0x2A, 0x15, 0x06, 0x7F, 0x1F,
  0x2A, 0x01, 0x00, 0x25, 0x55, 0x2A, 0x55, 0x2A, 0x55, 0x2A, 0x55, 0x2A, 0x55, 0x2A, 0x55, 0x7E,
  0x57, 0x3E, 0x57, 0x2A, 0x75, 0x2F, 0x7D, 0x2E, 0x7D, 0x2E, 0x75, 0x2F, 0x7D, 0x2E, 0x55, 0x2A,
  0x55, 0x2A, 0x55, 0x2A, 0x55, 0x2A, 0x55, 0x2A, 0x3C, 0x54, 0x00, 0x2A, 0x55, 0x2A, 0x55, 0x2A,
  0x01, 0x01, 0x82, 0x55, 0x2A, 0x04, 0xA0, 0x50, 0x2A, 0x54, 0x2A, 0x55, 0x2A, 0x55, 0x2A, 0x55,
  0x2A, 0x55, 0x2A, 0x54, 0x2A, 0x55, 0x2A, 0x55, 0x2A, 0x55, 0x2A, 0x55, 0x2A, 0x55, 0x2A, 0x10,
  0x02, 0x2A, 0x55, 0x0A, 0x20, 0x54, 0x4A, 0x2A, 0x7F, 0x7F, 0x7F, 0x7F, 0x7F, 0x7F, 0x7F, 0x7F,
  0x55, 0x2A, 0x15, 0x46, 0x02, 0x50, 0x02, 0x00, 0x0A, 0x14, 0x2A, 0x00, 0x28, 0x40, 0x2A, 0x00,
  0x0A, 0x54, 0x02, 0x00, 0x0A, 0x40, 0x4A, 0x29, 0x55, 0x2A, 0x55, 0x2A, 0x45, 0x07, 0x7C, 0x47,
  0x2A, 0x65, 0x7F, 0x21, 0x55, 0x2A, 0x55, 0x2A, 0x55, 0x2A, 0x55, 0x2A, 0x55, 0x2A, 0x55, 0x7A,
  0x7F, 0x2A, 0x5F, 0x2A, 0x5D, 0x7A, 0x75, 0x7A, 0x75, 0x7A, 0x5D, 0x7A, 0x75, 0x3E, 0x55, 0x2A,
  0x55, 0x2A, 0x55, 0x2A, 0x55, 0x2A, 0x55, 0x2A, 0x05, 0x50, 0x00, 0x2A, 0x55, 0x2A, 0x55, 0x2A,
  0x21, 0x55, 0x2A, 0x04, 0x88, 0x91, 0x42, 0x2A, 0x55, 0x2A, 0x01, 0x00, 0x02, 0x00, 0x02, 0x14,
  0x22, 0x51, 0x55, 0x2A, 0x55, 0x2A, 0x01, 0x00, 0x02, 0x14, 0x22, 0x51, 0x00, 0x28, 0x55, 0x2A,
  0x55, 0x2A, 0x55, 0x2A, 0x55, 0x2A, 0x55, 0x2A, 0x7F, 0x7F, 0x7F, 0x7F, 0x7F, 0x7F, 0x7F, 0x7F,
  0x55, 0x2A, 0x15, 0x18, 0x28, 0x55, 0x02, 0x50, 0x0A, 0x54, 0x0A, 0x40, 0x2A, 0x40, 0x0A, 0x50,
  0x0A, 0x54, 0x02, 0x50, 0x2A, 0x55, 0x42, 0x29, 0x55, 0x2A, 0x55, 0x2A, 0x45, 0x7F, 0x03, 0x40,
  0x0A, 0x65, 0x43, 0x02, 0x54, 0x2A, 0x55, 0x2A, 0x55, 0x2A, 0x55, 0x2A, 0x55, 0x2A, 0x55, 0x2A,
  0x55, 0x2A, 0x55, 0x2A, 0x55, 0x2A, 0x55, 0x2A, 0x55, 0x2A, 0x55, 0x2A, 0x55, 0x2A, 0x55, 0x2A,
  0x55, 0x2A, 0x55, 0x2A, 0x55, 0x2A, 0x55, 0x2A, 0x55, 0x42, 0x2A, 0x29, 0x55, 0x2A, 0x55, 0x2A,
  0x55, 0x2A, 0x55, 0x2A, 0x55, 0x2A, 0x55, 0x2A, 0x55, 0x2A, 0x55, 0x2A, 0x55, 0x2A, 0x55, 0x2A,
  0x55, 0x2A, 0x55, 0x2A, 0x55, 0x2A, 0x55, 0x2A, 0x55, 0x2A, 0x55, 0x2A, 0x55, 0x2A, 0x55, 0x2A,
  0x55, 0x2A, 0x55, 0x2A, 0x55, 0x2A, 0x55, 0x2A, 0x7F, 0x7F, 0x7F, 0x7F, 0x7F, 0x7F, 0x7F, 0x7F,
  0x55, 0x2A, 0x55, 0x2A, 0x45, 0x0B, 0x00, 0x00, 0x00, 0x00, 0x00, 0x00, 0x00, 0x00, 0x00, 0x00,
  0x00, 0x00, 0x00, 0x60, 0x50, 0x2A, 0x55, 0x2A, 0x55, 0x2A, 0x55, 0x2A, 0x15, 0x1E, 0x7C, 0x47,
  0x2A, 0x01, 0x43, 0x2A, 0x55, 0x2A, 0x55, 0x2A, 0x55, 0x2A, 0x55, 0x2A, 0x55, 0x20, 0x55, 0x7A,
  0x57, 0x3A, 0x57, 0x7A, 0x5D, 0x7A, 0x5D, 0x3A, 0x5F, 0x3A, 0x5D, 0x3A, 0x5D, 0x2A, 0x57, 0x3A,
  0x55, 0x3A, 0x55, 0x3A, 0x5F, 0x2A, 0x01, 0x50, 0x40, 0x50, 0x2A, 0x29, 0x55, 0x2A, 0x55, 0x2A,
  0x00, 0x18, 0x18, 0x1C, 0x44, 0x1C, 0x38, 0x38, 0x24, 0x3E, 0x00, 0x08, 0x18, 0x18, 0x08, 0x00,
  0x1C, 0x44, 0x00, 0x30, 0x38, 0x1C, 0x38, 0x24, 0x30, 0x00, 0x30, 0x18, 0x3C, 0x3E, 0x44, 0x10,
  0x1C, 0x38, 0x00, 0x38, 0x44, 0x18, 0x00, 0x00, 0x7F, 0x7F, 0x7F, 0x7F, 0x7F, 0x7F, 0x7F, 0x7F,
  0x55, 0x2A, 0x5D, 0x2E, 0x55, 0x2B, 0x5D, 0x3E, 0x55, 0x2B, 0x5D, 0x2E, 0x5D, 0x2E, 0x55, 0x2A,
  0x55, 0x2A, 0x5D, 0x2E, 0x5D, 0x3E, 0x5D, 0x2E, 0x5D, 0x2E, 0x5D, 0x2E, 0x7D, 0x3E, 0x75, 0x3A,
  0x5D, 0x2E, 0x55, 0x2A, 0x55, 0x2A, 0x55, 0x2A, 0x55, 0x2A, 0x55, 0x2A, 0x55, 0x1C, 0x0A, 0x54,
  0x02, 0x00, 0x20, 0x45, 0x0A, 0x00, 0x20, 0x01, 0x00, 0x00, 0x0A, 0x40, 0x32, 0x2A, 0x55, 0x2A,
  0x55, 0x2A, 0x55, 0x2A, 0x55, 0x62, 0x4C, 0x1F, 0x2A, 0x65, 0x53, 0x2A, 0x55, 0x2A, 0x55, 0x2A,
  0x55, 0x2A, 0x05, 0x00, 0x0A, 0x00, 0xA8, 0x3A, 0x7D, 0x3A, 0x7D, 0x3A, 0x75, 0x3A, 0x75, 0x3A,
  0x7D, 0x3A, 0x7F, 0x2A, 0x5F, 0x2A, 0x5F, 0x3A, 0x7D, 0x3A, 0x7D, 0x3A, 0x7D, 0x4A, 0x2A, 0x55,
  0x2A, 0x15, 0x42, 0x2A, 0x55, 0x2A, 0x55, 0x2A, 0x7F, 0x7F, 0x7F, 0x7F, 0x7F, 0x7F, 0x7F, 0x7F,
  0x55, 0x2A, 0x5D, 0x3E, 0x55, 0x2F, 0x5D, 0x3F, 0x55, 0x2F, 0x5D, 0x3E, 0x5D, 0x3E, 0x55, 0x2A,
  0x55, 0x2A, 0x5D, 0x2A, 0x5D, 0x3F, 0x5D, 0x3E, 0x5D, 0x3E, 0x5D, 0x3E, 0x5D, 0x3F, 0x75, 0x2B,
  0x5D, 0x3E, 0x55, 0x2A, 0x55, 0x2A, 0x55, 0x2A, 0x55, 0x2A, 0x55, 0x2A, 0x55, 0x1C, 0x2A, 0x54,
  0x0A, 0x00, 0x00, 0x55, 0x00, 0x00, 0x20, 0x05, 0x00, 0x00, 0x0A, 0x40, 0x72, 0x29, 0x55, 0x2A,
  0x55, 0x2A, 0x55, 0x2A, 0x55, 0x2A, 0x4C, 0x67, 0x28, 0x05, 0x50, 0x2A, 0x55, 0x2A, 0x55, 0x2A,
  0x55, 0x00, 0x20, 0x04, 0xA0, 0xC4, 0x88, 0x81, 0x55, 0x2A, 0x55, 0x2A, 0x55, 0x2A, 0x55, 0x2A,
  0x55, 0x2A, 0x55, 0x2A, 0x55, 0x2A, 0x55, 0x2A, 0x55, 0x2A, 0x55, 0x2A, 0x55, 0x2A, 0x01, 0x10,
  0x00, 0x44, 0x2A, 0x21, 0x55, 0x2A, 0x55, 0x2A, 0x7F, 0x7F, 0x7F, 0x7F, 0x7F, 0x7F, 0x7F, 0x7F,
  0x55, 0x2A, 0x55, 0x2A, 0x55, 0x2A, 0x55, 0x2A, 0x55, 0x2A, 0x55, 0x2A, 0x55, 0x2A, 0x55, 0x2A,
  0x55, 0x2A, 0x55, 0x2A, 0x55, 0x2A, 0x55, 0x2A, 0x55, 0x2A, 0x55, 0x2A, 0x55, 0x2A, 0x55, 0x2A,
  0x55, 0x00, 0x55, 0x2A, 0x55, 0x2A, 0x55, 0x2A, 0x55, 0x2A, 0x55, 0x2A, 0x45, 0x4B, 0x2A, 0x55,
  0x2A, 0x00, 0x00, 0x55, 0x02, 0x00, 0x28, 0x15, 0x00, 0x40, 0x2A, 0x55, 0x4A, 0x29, 0x55, 0x2A,
  0x55, 0x2A, 0x55, 0x2A, 0x55, 0x2A, 0x05, 0x66, 0x28, 0x15, 0x50, 0x2A, 0x55, 0x2A, 0x55, 0x2A,
  0x15, 0x00, 0x00, 0x91, 0xA2, 0xC4, 0x88, 0x50, 0x54, 0x2A, 0x55, 0x2A, 0x55, 0x2A, 0x55, 0x2A,
  0x55, 0x2A, 0x55, 0x2A, 0x55, 0x2A, 0x55, 0x2A, 0x55, 0x2A, 0x55, 0x2A, 0x55, 0x2A, 0x55, 0x2A,
  0x55, 0x0A, 0x00, 0x55, 0x00, 0x00, 0x55, 0x2A, 0x7F, 0x7F, 0x7F, 0x7F, 0x7F, 0x7F, 0x7F, 0x7F,
  0x55, 0x2A, 0x15, 0x06, 0x2A, 0x05, 0x00, 0x40, 0x0A, 0x50, 0x00, 0x00, 0x2A, 0x05, 0x00, 0x40,
  0x02, 0x14, 0x00, 0x40, 0x2A, 0x15, 0x0C, 0x2A, 0x55, 0x2A, 0x55, 0x2A, 0x55, 0x2A, 0x01, 0x7E,
  0x28, 0x05, 0x00, 0x2A, 0x55, 0x2A, 0x55, 0x2A, 0x55, 0x2A, 0x55, 0x2A, 0x55, 0x2A, 0x55, 0x2A,
  0x55, 0x2A, 0x55, 0x2A, 0x55, 0x2A, 0x55, 0x2A, 0x55, 0x2A, 0x55, 0x2A, 0x55, 0x2A, 0x55, 0x2A,
  0x55, 0x2A, 0x55, 0x2A, 0x55, 0x2A, 0x55, 0x62, 0x0C, 0x15, 0x40, 0x2A, 0x55, 0x2A, 0x55, 0x2A,
  0x15, 0xC4, 0x88, 0x91, 0x20, 0x55, 0x2A, 0x11, 0x28, 0x05, 0x55, 0x2A, 0x55, 0x2A, 0x55, 0x2A,
  0x55, 0x2A, 0x29, 0x55, 0x0A, 0x28, 0x55, 0x2A, 0x55, 0x2A, 0x55, 0x2A, 0x55, 0x02, 0x2A, 0x55,
  0x2A, 0x55, 0x0A, 0x54, 0x2A, 0x55, 0x2A, 0x2A, 0x7F, 0x7F, 0x7F, 0x7F, 0x7F, 0x7F, 0x7F, 0x7F,
  0x55, 0x2A, 0x15, 0x46, 0x0A, 0x00, 0x00, 0x00, 0x0A, 0x05, 0x2A, 0x00, 0x28, 0x50, 0x0A, 0x00,
  0x2A, 0x15, 0x00, 0x00, 0x0A, 0x00, 0x30, 0x2A, 0x55, 0x2A, 0x55, 0x2A, 0x15, 0x60, 0x0F, 0x18,
  0x2A, 0x15, 0x00, 0x25, 0x55, 0x2A, 0x55, 0x2A, 0x55, 0x2A, 0x55, 0x2A, 0x55, 0x2A, 0x55, 0x7A,
  0x5F, 0x3A, 0x5D, 0x2A, 0x75, 0x2F, 0x75, 0x2E, 0x75, 0x2E, 0x75, 0x2F, 0x75, 0x2E, 0x55, 0x2A,
  0x55, 0x2A, 0x55, 0x2A, 0x55, 0x2A, 0x55, 0x2A, 0x30, 0x54, 0x0A, 0x2A, 0x55, 0x2A, 0x55, 0x2A,
  0x21, 0x05, 0x20, 0x55, 0x0A, 0x04, 0x88, 0x54, 0x22, 0x44, 0x2A, 0x55, 0x2A, 0x55, 0x2A, 0x55,
  0x2A, 0x55, 0x22, 0x44, 0x2A, 0x55, 0x2A, 0x55, 0x2A, 0x55, 0x2A, 0x55, 0x2A, 0x55, 0x2A, 0x10,
  0x50, 0x2A, 0x55, 0x2A, 0x20, 0x44, 0x42, 0x2A, 0x7F, 0x7F, 0x7F, 0x7F, 0x7F, 0x7F, 0x7F, 0x7F,
  0x55, 0x2A, 0x15, 0x46, 0x02, 0x50, 0x02, 0x00, 0x0A, 0x14, 0x2A, 0x00, 0x28, 0x40, 0x2A, 0x00,
  0x0A, 0x54, 0x02, 0x00, 0x0A, 0x40, 0x4A, 0x29, 0x55, 0x2A, 0x55, 0x2A, 0x45, 0x61, 0x7F, 0x47,
  0x2A, 0x65, 0x7F, 0x21, 0x55, 0x2A, 0x55, 0x2A, 0x55, 0x2A, 0x55, 0x2A, 0x55, 0x2A, 0x55, 0x3A,
  0x7D, 0x2A, 0x5F, 0x2A, 0x5D, 0x7A, 0x75, 0x7A, 0x75, 0x7A, 0x5D, 0x7A, 0x75, 0x3E, 0x55, 0x2A,
  0x55, 0x2A, 0x55, 0x2A, 0x55, 0x2A, 0x55, 0x2A, 0x15, 0x40, 0x2A, 0x2A, 0x55, 0x2A, 0x55, 0x2A,
  0x21, 0x55, 0x22, 0x00, 0xA2, 0xC4, 0x40, 0x2A, 0x55, 0x2A, 0x15, 0x00, 0x08, 0x00, 0x08, 0x10,
  0x00, 0x29, 0x55, 0x2A, 0x55, 0x2A, 0x15, 0x00, 0x08, 0x10, 0x00, 0x01, 0x50, 0x2A, 0x55, 0x2A,
  0x55, 0x2A, 0x55, 0x2A, 0x55, 0x2A, 0x55, 0x2A, 0x7F, 0x7F, 0x7F, 0x7F, 0x7F, 0x7F, 0x7F, 0x7F,
  0x55, 0x2A, 0x55, 0x78, 0x28, 0x55, 0x02, 0x50, 0x0A, 0x54, 0x0A, 0x40, 0x2A, 0x40, 0x0A, 0x50,
  0x0A, 0x54, 0x02, 0x50, 0x2A, 0x55, 0x72, 0x29, 0x55, 0x2A, 0x55, 0x2A, 0x05, 0x7E, 0x70, 0x47,
  0x0A, 0x60, 0x4F, 0x0A, 0x50, 0x2A, 0x55, 0x2A, 0x55, 0x2A, 0x55, 0x2A, 0x55, 0x2A, 0x55, 0x2A,
  0x55, 0x2A, 0x55, 0x2A, 0x55, 0x2A, 0x55, 0x2A, 0x55, 0x2A, 0x55, 0x2A, 0x55, 0x2A, 0x55, 0x2A,
  0x55, 0x2A, 0x55, 0x2A, 0x55, 0x2A, 0x55, 0x2A, 0x55, 0x42, 0x0A, 0x28, 0x55, 0x2A, 0x55, 0x2A,
  0x55, 0x2A, 0x55, 0x2A, 0x55, 0x2A, 0x55, 0x2A, 0x55, 0x2A, 0x55, 0x2A, 0x55, 0x2A, 0x55, 0x2A,
  0x55, 0x2A, 0x55, 0x2A, 0x55, 0x2A, 0x55, 0x2A, 0x55, 0x2A, 0x55, 0x2A, 0x55, 0x2A, 0x55, 0x2A,
  0x55, 0x2A, 0x55, 0x2A, 0x55, 0x2A, 0x55, 0x2A, 0x7F, 0x7F, 0x7F, 0x7F, 0x7F, 0x7F, 0x7F, 0x7F,
  0x55, 0x2A, 0x55, 0x2A, 0x05, 0x53, 0x2A, 0x15, 0x00, 0x50, 0x02, 0x14, 0x00, 0x40, 0x2A, 0x05,
  0x00, 0x50, 0x2A, 0x65, 0x53, 0x2A, 0x55, 0x2A, 0x55, 0x2A, 0x55, 0x2A, 0x15, 0x18, 0x7F, 0x47,
  0x2A, 0x65, 0x43, 0x2A, 0x55, 0x2A, 0x55, 0x2A, 0x55, 0x2A, 0x55, 0x2A, 0x40, 0x20, 0x55, 0x3A,
  0x5D, 0x3A, 0x5F, 0x7A, 0x7D, 0x7A, 0x7D, 0x3A, 0x5D, 0x3A, 0x7D, 0x3A, 0x75, 0x2A, 0x57, 0x3A,
  0x55, 0x3A, 0x55, 0x3A, 0x5D, 0x2A, 0x20, 0x55, 0x0A, 0x50, 0x0A, 0x28, 0x55, 0x2A, 0x55, 0x2A,
  0x00, 0x24, 0x24, 0x24, 0x28, 0x24, 0x10, 0x04, 0x24, 0x08, 0x00, 0x08, 0x24, 0x24, 0x08, 0x00,
  0x24, 0x28, 0x00, 0x08, 0x10, 0x24, 0x10, 0x24, 0x08, 0x00, 0x08, 0x24, 0x04, 0x08, 0x54, 0x28,
  0x24, 0x08, 0x00, 0x10, 0x4C, 0x24, 0x00, 0x00, 0x7F, 0x7F, 0x7F, 0x7F, 0x7F, 0x7F, 0x7F, 0x7F,
  0x55, 0x2A, 0x5D, 0x2E, 0x55, 0x2B, 0x5D, 0x2F, 0x55, 0x2B, 0x5D, 0x3E, 0x5D, 0x2E, 0x55, 0x2A,
  0x55, 0x2A, 0x5D, 0x3E, 0x5D, 0x2F, 0x5D, 0x2E, 0x5D, 0x2E, 0x5D, 0x2E, 0x7D, 0x3A, 0x75, 0x2A,
  0x5D, 0x2E, 0x55, 0x2A, 0x55, 0x2A, 0x55, 0x2A, 0x55, 0x2A, 0x55, 0x2A, 0x55, 0x1C, 0x0A, 0x54,
  0x02, 0x00, 0x20, 0x45, 0x0A, 0x00, 0x20, 0x01, 0x00, 0x00, 0x0A, 0x40, 0x32, 0x2A, 0x55, 0x2A,
  0x55, 0x2A, 0x55, 0x2A, 0x55, 0x02, 0x43, 0x1F, 0x2A, 0x65, 0x53, 0x2A, 0x55, 0x2A, 0x55, 0x2A,
  0x55, 0x0A, 0x00, 0x11, 0x02, 0x00, 0xD2, 0x7A, 0x7F, 0x7A, 0x5F, 0x3A, 0x75, 0x3A, 0x75, 0x7A,
  0x7F, 0x3A, 0x7F, 0x2A, 0x57, 0x6A, 0x5F, 0x7A, 0x7F, 0x7A, 0x7F, 0x7A, 0x7F, 0x4A, 0x2A, 0x55,
  0x2A, 0x15, 0x52, 0x2A, 0x55, 0x2A, 0x55, 0x2A, 0x7F, 0x7F, 0x7F, 0x7F, 0x7F, 0x7F, 0x7F, 0x7F,
  0x55, 0x2A, 0x7D, 0x3F, 0x75, 0x2F, 0x5D, 0x3F, 0x75, 0x2F, 0x7D, 0x3F, 0x7D, 0x3F, 0x55, 0x2A,
  0x55, 0x2A, 0x7D, 0x2A, 0x5D, 0x3F, 0x7D, 0x3F, 0x7D, 0x3F, 0x7D, 0x3F, 0x5D, 0x3F, 0x75, 0x2B,
  0x7D, 0x3F, 0x55, 0x2A, 0x55, 0x2A, 0x55, 0x2A, 0x55, 0x2A, 0x55, 0x2A, 0x55, 0x1C, 0x2A, 0x54,
  0x0A, 0x00, 0x00, 0x55, 0x00, 0x00, 0x20, 0x05, 0x00, 0x00, 0x0A, 0x40, 0x42, 0x29, 0x55, 0x2A,
  0x55, 0x2A, 0x55, 0x2A, 0x55, 0x2A, 0x70, 0x67, 0x28, 0x15, 0x53, 0x2A, 0x55, 0x2A, 0x55, 0x2A,
  0x55, 0x10, 0x20, 0x04, 0x88, 0x91, 0xA2, 0x84, 0x55, 0x2A, 0x55, 0x2A, 0x55, 0x2A, 0x55, 0x2A,
  0x55, 0x2A, 0x55, 0x2A, 0x55, 0x2A, 0x55, 0x2A, 0x55, 0x2A, 0x55, 0x2A, 0x55, 0x2A, 0x01, 0x00,
  0x04, 0x40, 0x2A, 0x25, 0x55, 0x2A, 0x55, 0x2A, 0x7F, 0x7F, 0x7F, 0x7F, 0x7F, 0x7F, 0x7F, 0x7F,
  0x55, 0x2A, 0x55, 0x2A, 0x55, 0x2A, 0x55, 0x2A, 0x55, 0x2A, 0x55, 0x2A, 0x55, 0x2A, 0x55, 0x2A,
  0x55, 0x2A, 0x55, 0x2A, 0x55, 0x2A, 0x55, 0x2A, 0x55, 0x2A, 0x55, 0x2A, 0x55, 0x2A, 0x55, 0x2A,
  0x05, 0x90, 0x54, 0x2A, 0x55, 0x2A, 0x55, 0x2A, 0x55, 0x2A, 0x55, 0x2A, 0x45, 0x43, 0x2A, 0x55,
  0x2A, 0x00, 0x00, 0x55, 0x02, 0x00, 0x28, 0x15, 0x00, 0x40, 0x2A, 0x55, 0x4A, 0x29, 0x55, 0x2A,
  0x55, 0x2A, 0x55, 0x2A, 0x55, 0x2A, 0x15, 0x66, 0x20, 0x55, 0x40, 0x2A, 0x55, 0x2A, 0x55, 0x2A,
  0x15, 0x00, 0x00, 0xC4, 0x88, 0x91, 0x82, 0x54, 0x50, 0x2A, 0x55, 0x2A, 0x55, 0x2A, 0x55, 0x2A,
  0x55, 0x2A, 0x55, 0x2A, 0x55, 0x2A, 0x55, 0x2A, 0x55, 0x2A, 0x55, 0x2A, 0x55, 0x2A, 0x55, 0x2A,
  0x55, 0x02, 0x20, 0x55, 0x22, 0x15, 0x54, 0x2A, 0x7F, 0x7F, 0x7F, 0x7F, 0x7F, 0x7F, 0x7F, 0x7F,
  0x55, 0x2A, 0x15, 0x46, 0x2A, 0x15, 0x00, 0x00, 0x2A, 0x40, 0x02, 0x00, 0x28, 0x15, 0x00, 0x00,
  0x0A, 0x50, 0x00, 0x00, 0x0A, 0x54, 0x3C, 0x2A, 0x55, 0x2A, 0x55, 0x2A, 0x55, 0x2A, 0x70, 0x7F,
  0x28, 0x15, 0x28, 0x2A, 0x55, 0x2A, 0x55, 0x2A, 0x55, 0x2A, 0x55, 0x2A, 0x55, 0x2A, 0x55, 0x2A,
  0x55, 0x2A, 0x55, 0x2A, 0x55, 0x2A, 0x55, 0x2A, 0x55, 0x2A, 0x55, 0x2A, 0x55, 0x2A, 0x55, 0x2A,
  0x55, 0x2A, 0x55, 0x2A, 0x55, 0x2A, 0x55, 0x62, 0x0C, 0x55, 0x42, 0x2A, 0x55, 0x2A, 0x55, 0x2A,
  0x15, 0x90, 0xA2, 0xC4, 0x28, 0x55, 0x0A, 0x00, 0x2A, 0x55, 0x54, 0x2A, 0x55, 0x2A, 0x55, 0x2A,
  0x55, 0x2A, 0x28, 0x55, 0x2A, 0x01, 0x54, 0x2A, 0x55, 0x2A, 0x55, 0x2A, 0x15, 0x40, 0x2A, 0x55,
  0x2A, 0x55, 0x2A, 0x04, 0x2A, 0x55, 0x2A, 0x2A, 0x7F, 0x7F, 0x7F, 0x7F, 0x7F, 0x7F, 0x7F, 0x7F,
  0x55, 0x2A, 0x15, 0x06, 0x2A, 0x05, 0x00, 0x00, 0x0A, 0x05, 0x2A, 0x00, 0x28, 0x50, 0x0A, 0x00,
  0x2A, 0x01, 0x00, 0x00, 0x2A, 0x01, 0x30, 0x2A, 0x55, 0x2A, 0x55, 0x2A, 0x15, 0x18, 0x40, 0x07,
  0x2A, 0x15, 0x00, 0x20, 0x55, 0x2A, 0x55, 0x2A, 0x55, 0x2A, 0x55, 0x2A, 0x55, 0x2A, 0x55, 0x3A,
  0x5F, 0x7A, 0x5D, 0x2A, 0x7D, 0x3E, 0x75, 0x3A, 0x75, 0x3A, 0x7D, 0x3E, 0x75, 0x3A, 0x55, 0x2A,
  0x55, 0x2A, 0x55, 0x2A, 0x55, 0x2A, 0x55, 0x2A, 0x31, 0x54, 0x0A, 0x2A, 0x55, 0x2A, 0x55, 0x2A,
  0x21, 0x55, 0x2A, 0x55, 0x0A, 0x00, 0xA2, 0x04, 0x22, 0x44, 0x2A, 0x55, 0x2A, 0x55, 0x2A, 0x55,
  0x2A, 0x55, 0x22, 0x44, 0x2A, 0x55, 0x2A, 0x55, 0x2A, 0x55, 0x2A, 0x55, 0x2A, 0x55, 0x22, 0x01,
  0x55, 0x2A, 0x55, 0x2A, 0x01, 0x44, 0x40, 0x2A, 0x7F, 0x7F, 0x7F, 0x7F, 0x7F, 0x7F, 0x7F, 0x7F,
  0x55, 0x2A, 0x15, 0x46, 0x02, 0x50, 0x0A, 0x00, 0x0A, 0x14, 0x2A, 0x00, 0x28, 0x40, 0x2A, 0x00,
  0x0A, 0x54, 0x0A, 0x00, 0x0A, 0x40, 0x4A, 0x29, 0x55, 0x2A, 0x55, 0x2A, 0x45, 0x79, 0x7F, 0x47,
  0x2A, 0x65, 0x3F, 0x20, 0x55, 0x2A, 0x55, 0x2A, 0x55, 0x2A, 0x55, 0x2A, 0x55, 0x2A, 0x55, 0x3A,
  0x7D, 0x2A, 0x5F, 0x2A, 0x5D, 0x7A, 0x75, 0x7A, 0x75, 0x7A, 0x5D, 0x7A, 0x75, 0x7E, 0x55, 0x2A,
  0x55, 0x2A, 0x55, 0x2A, 0x55, 0x2A, 0x55, 0x2A, 0x15, 0x46, 0x2A, 0x28, 0x55, 0x2A, 0x55, 0x2A,
  0x21, 0x55, 0x00, 0xC0, 0x88, 0x91, 0x52, 0x2A, 0x55, 0x2A, 0x55, 0x2A, 0x00, 0x2A, 0x00, 0x00,
  0x00, 0x28, 0x55, 0x2A, 0x55, 0x2A, 0x55, 0x2A, 0x00, 0x00, 0x00, 0x00, 0x55, 0x2A, 0x55, 0x2A,
  0x55, 0x2A, 0x55, 0x2A, 0x55, 0x2A, 0x55, 0x2A, 0x7F, 0x7F, 0x7F, 0x7F, 0x7F, 0x7F, 0x7F, 0x7F,
  0x55, 0x2A, 0x55, 0x60, 0x00, 0x00, 0x00, 0x00, 0x00, 0x00, 0x00, 0x00, 0x00, 0x00, 0x00, 0x00,
  0x00, 0x00, 0x00, 0x00, 0x00, 0x00, 0x30, 0x28, 0x55, 0x2A, 0x55, 0x2A, 0x15, 0x1E, 0x7C, 0x47,
  0x2A, 0x65, 0x4F, 0x0A, 0x55, 0x2A, 0x55, 0x2A, 0x55, 0x2A, 0x55, 0x2A, 0x55, 0x2A, 0x55, 0x2A,
  0x55, 0x2A, 0x55, 0x2A, 0x55, 0x2A, 0x55, 0x2A, 0x55, 0x2A, 0x55, 0x2A, 0x55, 0x2A, 0x55, 0x2A,
  0x55, 0x2A, 0x55, 0x2A, 0x55, 0x2A, 0x55, 0x2A, 0x55, 0x42, 0x2A, 0x29, 0x55, 0x2A, 0x55, 0x2A,
  0x55, 0x2A, 0x55, 0x2A, 0x55, 0x2A, 0x55, 0x2A, 0x55, 0x2A, 0x55, 0x2A, 0x55, 0x2A, 0x55, 0x2A,
  0x55, 0x2A, 0x55, 0x2A, 0x55, 0x2A, 0x55, 0x2A, 0x55, 0x2A, 0x55, 0x2A, 0x55, 0x2A, 0x55, 0x2A,
  0x55, 0x2A, 0x55, 0x2A, 0x55, 0x2A, 0x55, 0x2A, 0x7F, 0x7F, 0x7F, 0x7F, 0x7F, 0x7F, 0x7F, 0x7F,
  0x55, 0x2A, 0x55, 0x2A, 0x55, 0x53, 0x2A, 0x15, 0x00, 0x50, 0x02, 0x14, 0x00, 0x40, 0x2A, 0x05,
  0x00, 0x50, 0x2A, 0x05, 0x43, 0x2A, 0x55, 0x2A, 0x55, 0x2A, 0x55, 0x2A, 0x55, 0x18, 0x3F, 0x46,
  0x0A, 0x64, 0x53, 0x2A, 0x55, 0x2A, 0x55, 0x2A, 0x55, 0x2A, 0x55, 0x02, 0x08, 0x20, 0x55, 0x3A,
  0x5D, 0x3A, 0x5D, 0x7A, 0x7D, 0x7A, 0x7D, 0x3A, 0x5D, 0x3A, 0x5F, 0x7A, 0x75, 0x2A, 0x57, 0x3A,
  0x55, 0x3A, 0x55, 0x3A, 0x5D, 0x2A, 0x28, 0x55, 0x0A, 0x54, 0x2A, 0x28, 0x55, 0x2A, 0x55, 0x2A,
  0x00, 0x04, 0x24, 0x1C, 0x10, 0x1C, 0x10, 0x34, 0x3C, 0x08, 0x00, 0x08, 0x38, 0x18, 0x08, 0x00,
  0x1C, 0x10, 0x00, 0x10, 0x10, 0x1C, 0x10, 0x24, 0x10, 0x00, 0x10, 0x24, 0x3C, 0x08, 0x54, 0x38,
  0x1C, 0x38, 0x00, 0x10, 0x54, 0x04, 0x00, 0x00, 0x7F, 0x7F, 0x7F, 0x7F, 0x7F, 0x7F, 0x7F, 0x7F,
  0x55, 0x2A, 0x5D, 0x2A, 0x55, 0x2B, 0x7D, 0x2B, 0x55, 0x2B, 0x5D, 0x3E, 0x5D, 0x2A, 0x55, 0x2A,
  0x55, 0x2A, 0x5D, 0x3E, 0x7D, 0x2B, 0x5D, 0x2A, 0x5D, 0x2A, 0x5D, 0x2A, 0x5D, 0x3B, 0x75, 0x2A,
  0x5D, 0x2A, 0x55, 0x2A, 0x55, 0x2A, 0x55, 0x2A, 0x55, 0x2A, 0x55, 0x2A, 0x55, 0x1C, 0x0A, 0x50,
  0x02, 0x00, 0x00, 0x55, 0x02, 0x00, 0x20, 0x01, 0x00, 0x00, 0x0A, 0x00, 0x30, 0x2A, 0x55, 0x2A,
  0x55, 0x2A, 0x55, 0x2A, 0x55, 0x0A, 0x73, 0x1F, 0x2A, 0x61, 0x53, 0x2A, 0x55, 0x2A, 0x55, 0x2A,
  0x55, 0x02, 0x00, 0x11, 0x00, 0xC0, 0xA8, 0x6A, 0x5F, 0x6A, 0x5F, 0x3E, 0x75, 0x3E, 0x75, 0x7E,
  0x5F, 0x3E, 0x5F, 0x2A, 0x57, 0x6A, 0x5F, 0x7E, 0x5F, 0x7E, 0x5F, 0x7E, 0x5F, 0x4A, 0x2A, 0x55,
  0x2A, 0x11, 0x50, 0x2A, 0x55, 0x2A, 0x55, 0x2A, 0x7F, 0x7F, 0x7F, 0x7F, 0x7F, 0x7F, 0x7F, 0x7F,
  0x55, 0x2A, 0x75, 0x2F, 0x75, 0x2F, 0x5F, 0x2F, 0x75, 0x2F, 0x7F, 0x2F, 0x75, 0x2F, 0x55, 0x2A,
  0x55, 0x2A, 0x7F, 0x2A, 0x5F, 0x2F, 0x7F, 0x2F, 0x75, 0x2F, 0x7F, 0x2F, 0x5F, 0x3F, 0x7D, 0x2B,
  0x75, 0x2F, 0x55, 0x2A, 0x55, 0x2A, 0x55, 0x2A, 0x55, 0x2A, 0x55, 0x2A, 0x55, 0x1C, 0x0A, 0x50,
  0x0A, 0x00, 0x00, 0x55, 0x02, 0x00, 0x20, 0x15, 0x00, 0x00, 0x0A, 0x40, 0x4A, 0x29, 0x55, 0x2A,
  0x55, 0x2A, 0x55, 0x2A, 0x55, 0x2A, 0x71, 0x61, 0x28, 0x15, 0x53, 0x2A, 0x55, 0x2A, 0x55, 0x2A,
  0x55, 0x06, 0x00, 0x00, 0xA2, 0xC4, 0x88, 0x81, 0x55, 0x2A, 0x55, 0x2A, 0x55, 0x2A, 0x55, 0x2A,
  0x55, 0x2A, 0x55, 0x2A, 0x55, 0x2A, 0x55, 0x2A, 0x55, 0x2A, 0x55, 0x2A, 0x55, 0x2A, 0x55, 0x2A,
  0x05, 0x10, 0x28, 0x25, 0x55, 0x2A, 0x55, 0x2A, 0x7F, 0x7F, 0x7F, 0x7F, 0x7F, 0x7F, 0x7F, 0x7F,
  0x55, 0x2A, 0x55, 0x02, 0x00, 0x00, 0x00, 0x00, 0x00, 0x00, 0x00, 0x00, 0x00, 0x00, 0x00, 0x00,
  0x00, 0x00, 0x00, 0x00, 0x00, 0x00, 0x54, 0x2A, 0x55, 0x2A, 0x55, 0x2A, 0x55, 0x2A, 0x55, 0x2A,
  0x05, 0x95, 0x50, 0x2A, 0x55, 0x2A, 0x55, 0x2A, 0x55, 0x2A, 0x55, 0x2A, 0x45, 0x53, 0x2A, 0x55,
  0x0A, 0x00, 0x00, 0x55, 0x00, 0x00, 0x2A, 0x05, 0x00, 0x50, 0x2A, 0x55, 0x42, 0x29, 0x55, 0x2A,
  0x55, 0x2A, 0x55, 0x2A, 0x55, 0x2A, 0x15, 0x7E, 0x23, 0x55, 0x4C, 0x2A, 0x55, 0x2A, 0x55, 0x2A,
  0x15, 0x00, 0x00, 0x91, 0xA2, 0xC4, 0x00, 0x55, 0x50, 0x2A, 0x55, 0x2A, 0x55, 0x2A, 0x55, 0x2A,
  0x55, 0x2A, 0x55, 0x2A, 0x55, 0x2A, 0x55, 0x2A, 0x55, 0x2A, 0x55, 0x2A, 0x55, 0x2A, 0x55, 0x2A,
  0x05, 0x40, 0x20, 0x55, 0x02, 0x55, 0x50, 0x2A, 0x7F, 0x7F, 0x7F, 0x7F, 0x7F, 0x7F, 0x7F, 0x7F,
  0x55, 0x2A, 0x15, 0x46, 0x2A, 0x15, 0x00, 0x00, 0x2A, 0x40, 0x02, 0x00, 0x28, 0x15, 0x00, 0x00,
  0x0A, 0x50, 0x00, 0x00, 0x0A, 0x54, 0x30, 0x2A, 0x55, 0x2A, 0x55, 0x2A, 0x55, 0x0A, 0x7C, 0x1F,
  0x28, 0x15, 0x28, 0x28, 0x55, 0x2A, 0x55, 0x2A, 0x55, 0x2A, 0x55, 0x2A, 0x55, 0x2A, 0x55, 0x2A,
  0x55, 0x2A, 0x55, 0x2A, 0x55, 0x2A, 0x55, 0x2A, 0x55, 0x2A, 0x55, 0x2A, 0x55, 0x2A, 0x55, 0x2A,
  0x55, 0x2A, 0x55, 0x2A, 0x55, 0x2A, 0x55, 0x02, 0x0F, 0x55, 0x42, 0x2A, 0x55, 0x2A, 0x55, 0x2A,
  0x15, 0xC4, 0x88, 0x91, 0x28, 0x55, 0x22, 0x04, 0x2A, 0x55, 0x40, 0x2A, 0x55, 0x2A, 0x55, 0x2A,
  0x55, 0x2A, 0x28, 0x55, 0x2A, 0x55, 0x40, 0x2A, 0x55, 0x2A, 0x55, 0x2A, 0x00, 0x54, 0x2A, 0x55,
  0x2A, 0x55, 0x22, 0x40, 0x2A, 0x55, 0x2A, 0x2A, 0x7F, 0x7F, 0x7F, 0x7F, 0x7F, 0x7F, 0x7F, 0x7F,
  0x55, 0x2A, 0x15, 0x06, 0x2A, 0x05, 0x00, 0x00, 0x0A, 0x05, 0x2A, 0x00, 0x28, 0x50, 0x0A, 0x00,
  0x2A, 0x01, 0x00, 0x00, 0x2A, 0x01, 0x30, 0x2A, 0x55, 0x2A, 0x55, 0x2A, 0x05, 0x06, 0x7F, 0x47,
  0x2A, 0x15, 0x00, 0x28, 0x55, 0x2A, 0x55, 0x2A, 0x55, 0x2A, 0x55, 0x2A, 0x55, 0x2A, 0x55, 0x3A,
  0x5F, 0x6A, 0x75, 0x2A, 0x7D, 0x3E, 0x75, 0x3A, 0x75, 0x3A, 0x7D, 0x3E, 0x75, 0x3A, 0x55, 0x2A,
  0x55, 0x2A, 0x55, 0x2A, 0x55, 0x2A, 0x55, 0x2A, 0x31, 0x50, 0x0A, 0x2A, 0x55, 0x2A, 0x55, 0x2A,
  0x29, 0x55, 0x2A, 0x55, 0x08, 0xC0, 0x88, 0x10, 0x22, 0x04, 0x2A, 0x55, 0x2A, 0x55, 0x2A, 0x55,
  0x2A, 0x55, 0x22, 0x04, 0x02, 0x51, 0x2A, 0x55, 0x2A, 0x55, 0x2A, 0x55, 0x2A, 0x55, 0x02, 0x28,
  0x55, 0x2A, 0x55, 0x2A, 0x01, 0x44, 0x50, 0x2A, 0x7F, 0x7F, 0x7F, 0x7F, 0x7F, 0x7F, 0x7F, 0x7F,
  0x55, 0x2A, 0x15, 0x46, 0x02, 0x50, 0x0A, 0x00, 0x0A, 0x14, 0x2A, 0x00, 0x28, 0x40, 0x2A, 0x00,
  0x0A, 0x54, 0x0A, 0x00, 0x0A, 0x40, 0x4A, 0x29, 0x55, 0x2A, 0x55, 0x2A, 0x05, 0x78, 0x03, 0x40,
  0x0A, 0x00, 0x30, 0x22, 0x55, 0x2A, 0x55, 0x2A, 0x55, 0x2A, 0x55, 0x2A, 0x55, 0x2A, 0x55, 0x3A,
  0x7D, 0x2A, 0x5F, 0x2A, 0x75, 0x7A, 0x75, 0x7A, 0x75, 0x7A, 0x75, 0x7A, 0x75, 0x7E, 0x55, 0x2A,
  0x55, 0x2A, 0x55, 0x2A, 0x55, 0x2A, 0x55, 0x2A, 0x55, 0x40, 0x2A, 0x29, 0x55, 0x2A, 0x55, 0x2A,
  0x05, 0x44, 0x08, 0x90, 0xA2, 0xC4, 0x50, 0x2A, 0x55, 0x2A, 0x55, 0x2A, 0x55, 0x2A, 0x55, 0x2A,
  0x55, 0x2A, 0x55, 0x2A, 0x55, 0x2A, 0x55, 0x2A, 0x55, 0x2A, 0x00, 0x2A, 0x55, 0x2A, 0x55, 0x2A,
  0x55, 0x2A, 0x55, 0x2A, 0x55, 0x2A, 0x55, 0x2A, 0x7F, 0x7F, 0x7F, 0x7F, 0x7F, 0x7F, 0x7F, 0x7F,
  0x55, 0x2A, 0x55, 0x62, 0x7F, 0x7F, 0x7F, 0x7F, 0x7F, 0x7F, 0x7F, 0x7F, 0x7F, 0x7F, 0x7F, 0x7F,
  0x7F, 0x7F, 0x7F, 0x7F, 0x7F, 0x7F, 0x3F, 0x2A, 0x55, 0x2A, 0x55, 0x2A, 0x15, 0x1E, 0x7F, 0x47,
  0x2A, 0x05, 0x40, 0x0A, 0x54, 0x2A, 0x55, 0x2A, 0x55, 0x2A, 0x55, 0x2A, 0x55, 0x2A, 0x55, 0x2A,
  0x55, 0x2A, 0x55, 0x2A, 0x55, 0x2A, 0x55, 0x2A, 0x55, 0x2A, 0x55, 0x2A, 0x55, 0x2A, 0x55, 0x2A,
  0x55, 0x2A, 0x55, 0x2A, 0x55, 0x2A, 0x55, 0x2A, 0x55, 0x42, 0x2A, 0x29, 0x55, 0x2A, 0x55, 0x2A,
  0x55, 0x2A, 0x55, 0x2A, 0x55, 0x2A, 0x55, 0x2A, 0x55, 0x2A, 0x55, 0x2A, 0x55, 0x2A, 0x55, 0x2A,
  0x55, 0x2A, 0x55, 0x2A, 0x55, 0x2A, 0x55, 0x2A, 0x55, 0x2A, 0x55, 0x2A, 0x55, 0x2A, 0x55, 0x2A,
  0x55, 0x2A, 0x55, 0x2A, 0x55, 0x2A, 0x55, 0x2A, 0x7F, 0x7F, 0x7F, 0x7F, 0x7F, 0x7F, 0x7F, 0x7F,
  0x55, 0x2A, 0x55, 0x2A, 0x15, 0x47, 0x2A, 0x55, 0x00, 0x40, 0x0A, 0x50, 0x00, 0x50, 0x2A, 0x15,
  0x00, 0x40, 0x2A, 0x15, 0x4F, 0x2A, 0x55, 0x2A, 0x55, 0x2A, 0x55, 0x2A, 0x55, 0x18, 0x03, 0x46,
  0x2A, 0x00, 0x50, 0x2A, 0x55, 0x2A, 0x55, 0x2A, 0x55, 0x2A, 0x55, 0x40, 0x2A, 0x20, 0x55, 0x3A,
  0x55, 0x3A, 0x7D, 0x3A, 0x77, 0x3A, 0x77, 0x3A, 0x55, 0x7A, 0x57, 0x7A, 0x75, 0x2A, 0x57, 0x3A,
  0x55, 0x3A, 0x55, 0x3A, 0x55, 0x2A, 0x2A, 0x55, 0x0A, 0x54, 0x2A, 0x28, 0x55, 0x2A, 0x55, 0x2A,
  0x00, 0x24, 0x24, 0x04, 0x10, 0x14, 0x10, 0x24, 0x24, 0x08, 0x00, 0x08, 0x10, 0x24, 0x08, 0x00,
  0x24, 0x10, 0x00, 0x20, 0x10, 0x14, 0x10, 0x24, 0x20, 0x00, 0x20, 0x24, 0x04, 0x08, 0x6C, 0x44,
  0x14, 0x08, 0x00, 0x10, 0x64, 0x24, 0x00, 0x00, 0x7F, 0x7F, 0x7F, 0x7F, 0x7F, 0x7F, 0x7F, 0x7F,
  0x55, 0x2A, 0x7D, 0x2B, 0x55, 0x2B, 0x7D, 0x2A, 0x55, 0x2B, 0x5D, 0x3E, 0x7D, 0x2B, 0x55, 0x2A,
  0x55, 0x2A, 0x7D, 0x2F, 0x7D, 0x2A, 0x7D, 0x2A, 0x7D, 0x2B, 0x7D, 0x2A, 0x5D, 0x3B, 0x75, 0x2A,
  0x7D, 0x2B, 0x55, 0x2A, 0x55, 0x2A, 0x55, 0x2A, 0x55, 0x2A, 0x55, 0x2A, 0x55, 0x1C, 0x0A, 0x50,
  0x02, 0x00, 0x00, 0x55, 0x02, 0x00, 0x20, 0x01, 0x00, 0x00, 0x0A, 0x00, 0x30, 0x2A, 0x55, 0x2A,
  0x55, 0x2A, 0x55, 0x2A, 0x55, 0x0A, 0x73, 0x19, 0x2A, 0x00, 0x50, 0x2A, 0x55, 0x2A, 0x55, 0x2A,
  0x55, 0x02, 0x82, 0x40, 0x00, 0x90, 0xE2, 0x2A, 0x55, 0x2A, 0x55, 0x2A, 0x55, 0x2A, 0x55, 0x2A,
  0x55, 0x2A, 0x55, 0x2A, 0x55, 0x2A, 0x55, 0x2A, 0x55, 0x2A, 0x55, 0x2A, 0x55, 0x4A, 0x2A, 0x55,
  0x2A, 0x11, 0x40, 0x2A, 0x55, 0x2A, 0x55, 0x2A, 0x7F, 0x7F, 0x7F, 0x7F, 0x7F, 0x7F, 0x7F, 0x7F,
  0x55, 0x2A, 0x55, 0x2A, 0x55, 0x2A, 0x55, 0x2A, 0x55, 0x2A, 0x55, 0x2A, 0x55, 0x2A, 0x55, 0x2A,
  0x55, 0x2A, 0x55, 0x2A, 0x55, 0x2A, 0x55, 0x2A, 0x55, 0x2A, 0x55, 0x2A, 0x55, 0x2A, 0x55, 0x2A,
  0x55, 0x2A, 0x55, 0x2A, 0x55, 0x2A, 0x55, 0x2A, 0x55, 0x2A, 0x55, 0x2A, 0x55, 0x1C, 0x0A, 0x50,
  0x0A, 0x00, 0x00, 0x55, 0x02, 0x00, 0x20, 0x15, 0x00, 0x00, 0x0A, 0x40, 0x4A, 0x29, 0x55, 0x2A,
  0x55, 0x2A, 0x55, 0x2A, 0x55, 0x2A, 0x71, 0x79, 0x28, 0x01, 0x53, 0x2A, 0x55, 0x2A, 0x55, 0x2A,
  0x15, 0x90, 0x08, 0xC0, 0x88, 0x91, 0xA2, 0x84, 0x54, 0x2A, 0x55, 0x2A, 0x55, 0x2A, 0x55, 0x2A,
  0x55, 0x2A, 0x55, 0x2A, 0x55, 0x2A, 0x55, 0x2A, 0x55, 0x2A, 0x55, 0x2A, 0x55, 0x2A, 0x55, 0x2A,
  0x55, 0x00, 0x2A, 0x05, 0x55, 0x2A, 0x55, 0x2A, 0x7F, 0x7F, 0x7F, 0x7F, 0x7F, 0x7F, 0x7F, 0x7F,
  0x55, 0x2A, 0x55, 0x62, 0x7F, 0x7F, 0x7F, 0x7F, 0x7F, 0x7F, 0x7F, 0x7F, 0x7F, 0x7F, 0x7F, 0x7F,
  0x7F, 0x7F, 0x7F, 0x7F, 0x7F, 0x7F, 0x54, 0x2A, 0x55, 0x2A, 0x55, 0x2A, 0x55, 0x2A, 0x55, 0x2A,
  0x01, 0x94, 0x52, 0x2A, 0x55, 0x2A, 0x55, 0x2A, 0x55, 0x2A, 0x55, 0x2A, 0x45, 0x53, 0x2A, 0x55,
  0x0A, 0x00, 0x00, 0x55, 0x00, 0x00, 0x2A, 0x05, 0x00, 0x50, 0x2A, 0x55, 0x72, 0x29, 0x55, 0x2A,
  0x55, 0x2A, 0x55, 0x2A, 0x55, 0x2A, 0x15, 0x1E, 0x20, 0x55, 0x4C, 0x2A, 0x55, 0x2A, 0x55, 0x2A,
  0x15, 0x00, 0xA0, 0xC4, 0x88, 0x91, 0x20, 0x55, 0x54, 0x2A, 0x55, 0x2A, 0x55, 0x2A, 0x55, 0x2A,
  0x55, 0x2A, 0x55, 0x2A, 0x55, 0x2A, 0x55, 0x2A, 0x55, 0x2A, 0x55, 0x2A, 0x55, 0x2A, 0x55, 0x2A,
  0x00, 0x55, 0x02, 0x50, 0x0A, 0x55, 0x52, 0x2A, 0x7F, 0x7F, 0x7F, 0x7F, 0x7F, 0x7F, 0x7F, 0x7F,
  0x55, 0x2A, 0x15, 0x46, 0x02, 0x50, 0x00, 0x00, 0x2A, 0x41, 0x0A, 0x00, 0x28, 0x54, 0x00, 0x00,
  0x0A, 0x50, 0x02, 0x00, 0x0A, 0x50, 0x32, 0x2A, 0x55, 0x2A, 0x55, 0x2A, 0x55, 0x02, 0x7F, 0x1F,
  0x2A, 0x55, 0x2A, 0x29, 0x55, 0x2A, 0x55, 0x2A, 0x55, 0x2A, 0x55, 0x2A, 0x55, 0x2A, 0x55, 0x2A,
  0x55, 0x2A, 0x55, 0x2A, 0x55, 0x2A, 0x55, 0x2A, 0x55, 0x2A, 0x55, 0x2A, 0x55, 0x2A, 0x55, 0x2A,
  0x55, 0x2A, 0x55, 0x2A, 0x55, 0x2A, 0x55, 0x0A, 0x0F, 0x14, 0x40, 0x2A, 0x55, 0x2A, 0x55, 0x2A,
  0x15, 0x90, 0xA2, 0x84, 0x2A, 0x55, 0x02, 0x40, 0x2A, 0x55, 0x0A, 0x28, 0x55, 0x28, 0x55, 0x2A,
  0x55, 0x00, 0x2A, 0x55, 0x2A, 0x55, 0x0A, 0x28, 0x55, 0x2A, 0x55, 0x00, 0x28, 0x55, 0x2A, 0x55,
  0x2A, 0x04, 0x22, 0x40, 0x2A, 0x55, 0x2A, 0x2A, 0x7F, 0x7F, 0x7F, 0x7F, 0x7F, 0x7F, 0x7F, 0x7F,
  0x55, 0x2A, 0x15, 0x06, 0x28, 0x15, 0x00, 0x00, 0x0A, 0x05, 0x2A, 0x00, 0x28, 0x55, 0x2A, 0x00,
  0x0A, 0x15, 0x00, 0x00, 0x2A, 0x01, 0x30, 0x2A, 0x55, 0x2A, 0x55, 0x2A, 0x45, 0x61, 0x7F, 0x47,
  0x2A, 0x15, 0x03, 0x28, 0x55, 0x2A, 0x55, 0x2A, 0x55, 0x2A, 0x55, 0x2A, 0x55, 0x2A, 0x55, 0x3A,
  0x5F, 0x6A, 0x7F, 0x2A, 0x5D, 0x3A, 0x75, 0x6A, 0x75, 0x7A, 0x5D, 0x3A, 0x75, 0x3E, 0x55, 0x2A,
  0x55, 0x2A, 0x55, 0x2A, 0x55, 0x2A, 0x55, 0x2A, 0x71, 0x51, 0x00, 0x2A, 0x55, 0x2A, 0x55, 0x2A,
  0x29, 0x55, 0x2A, 0x15, 0x00, 0x90, 0x82, 0x10, 0x02, 0x00, 0x2A, 0x55, 0x2A, 0x55, 0x2A, 0x55,
  0x2A, 0x55, 0x02, 0x00, 0x08, 0x11, 0x2A, 0x55, 0x2A, 0x55, 0x2A, 0x55, 0x2A, 0x01, 0x02, 0x2A,
  0x55, 0x2A, 0x55, 0x2A, 0x15, 0x00, 0x54, 0x2A, 0x7F, 0x7F, 0x7F, 0x7F, 0x7F, 0x7F, 0x7F, 0x7F,
  0x55, 0x2A, 0x15, 0x46, 0x0A, 0x50, 0x0A, 0x00, 0x0A, 0x54, 0x2A, 0x00, 0x28, 0x40, 0x2A, 0x00,
  0x0A, 0x54, 0x0A, 0x00, 0x0A, 0x40, 0x4A, 0x29, 0x55, 0x2A, 0x55, 0x2A, 0x05, 0x1E, 0x70, 0x47,
  0x2A, 0x65, 0x03, 0x02, 0x55, 0x2A, 0x55, 0x2A, 0x55, 0x2A, 0x55, 0x2A, 0x55, 0x2A, 0x55, 0x7A,
  0x7F, 0x2A, 0x5F, 0x2A, 0x75, 0x7F, 0x7D, 0x3A, 0x75, 0x7F, 0x75, 0x7F, 0x75, 0x7E, 0x55, 0x2A,
  0x55, 0x2A, 0x55, 0x2A, 0x55, 0x2A, 0x55, 0x2A, 0x55, 0x40, 0x2A, 0x29, 0x55, 0x2A, 0x55, 0x2A,
  0x05, 0xC4, 0x00, 0x90, 0x54, 0x2A, 0x55, 0x2A, 0x55, 0x2A, 0x55, 0x2A, 0x55, 0x2A, 0x55, 0x2A,
  0x55, 0x2A, 0x55, 0x2A, 0x55, 0x2A, 0x55, 0x2A, 0x55, 0x2A, 0x55, 0x2A, 0x55, 0x2A, 0x55, 0x2A,
  0x55, 0x2A, 0x55, 0x2A, 0x55, 0x2A, 0x55, 0x2A, 0x7F, 0x7F, 0x7F, 0x7F, 0x7F, 0x7F, 0x7F, 0x7F,
  0x55, 0x2A, 0x55, 0x02, 0x00, 0x00, 0x00, 0x00, 0x00, 0x00, 0x00, 0x00, 0x00, 0x00, 0x00, 0x00,
  0x00, 0x00, 0x00, 0x00, 0x00, 0x00, 0x00, 0x2A, 0x55, 0x2A, 0x55, 0x2A, 0x15, 0x06, 0x3F, 0x40,
  0x2A, 0x65, 0x43, 0x0A, 0x54, 0x2A, 0x55, 0x2A, 0x55, 0x2A, 0x55, 0x2A, 0x55, 0x2A, 0x55, 0x2A,
  0x55, 0x2A, 0x55, 0x2A, 0x55, 0x2A, 0x55, 0x2A, 0x55, 0x2A, 0x55, 0x2A, 0x55, 0x2A, 0x55, 0x2A,
  0x55, 0x2A, 0x55, 0x2A, 0x55, 0x2A, 0x55, 0x2A, 0x55, 0x42, 0x2A, 0x29, 0x55, 0x2A, 0x55, 0x2A,
  0x55, 0x2A, 0x55, 0x2A, 0x55, 0x2A, 0x55, 0x2A, 0x55, 0x2A, 0x55, 0x2A, 0x55, 0x2A, 0x55, 0x2A,
  0x55, 0x2A, 0x55, 0x2A, 0x55, 0x2A, 0x55, 0x2A, 0x55, 0x2A, 0x55, 0x2A, 0x55, 0x2A, 0x55, 0x2A,
  0x55, 0x2A, 0x55, 0x2A, 0x55, 0x2A, 0x55, 0x2A, 0x7F, 0x7F, 0x7F, 0x7F, 0x7F, 0x7F, 0x7F, 0x7F,
  0x55, 0x2A, 0x55, 0x2A, 0x15, 0x46, 0x2A, 0x55, 0x00, 0x40, 0x0A, 0x50, 0x00, 0x50, 0x2A, 0x15,
  0x00, 0x40, 0x2A, 0x15, 0x0C, 0x2A, 0x55, 0x2A, 0x55, 0x2A, 0x55, 0x2A, 0x55, 0x18, 0x73, 0x47,
  0x2A, 0x65, 0x53, 0x2A, 0x55, 0x2A, 0x55, 0x2A, 0x55, 0x2A, 0x15, 0x50, 0x2A, 0x21, 0x55, 0x7A,
  0x57, 0x3A, 0x7D, 0x3A, 0x77, 0x3A, 0x77, 0x7A, 0x55, 0x7A, 0x55, 0x6A, 0x7D, 0x2A, 0x57, 0x3A,
  0x55, 0x3A, 0x55, 0x7A, 0x55, 0x0A, 0x2A, 0x55, 0x00, 0x55, 0x22, 0x2A, 0x55, 0x2A, 0x55, 0x2A,
  0x00, 0x18, 0x18, 0x04, 0x10, 0x24, 0x38, 0x18, 0x24, 0x08, 0x00, 0x08, 0x08, 0x18, 0x08, 0x00,
  0x1C, 0x10, 0x00, 0x18, 0x38, 0x24, 0x38, 0x18, 0x18, 0x00, 0x18, 0x18, 0x04, 0x08, 0x44, 0x44,
  0x24, 0x38, 0x00, 0x38, 0x44, 0x18, 0x08, 0x00, 0x00, 0x00, 0x00, 0x00, 0x00, 0x00, 0x00, 0x00,
  0x00, 0x00, 0x80, 0x80, 0x00, 0x00, 0x80, 0x80, 0x00, 0x00, 0x80, 0x80, 0x00, 0x00, 0x80, 0x80,
  0x28, 0x28, 0xA8, 0xA8, 0x28, 0x28, 0xA8, 0xA8, 0x28, 0x28, 0xA8, 0xA8, 0x28, 0x28, 0xA8, 0xA8,
  0x50, 0x50, 0xD0, 0xD0, 0x50, 0x50, 0xD0, 0xD0, 0x50, 0x50, 0xD0, 0xD0, 0x50, 0x50, 0xD0, 0xD0,
  0x20, 0x30, 0x20, 0x30, 0x21, 0x31, 0x21, 0x31, 0x22, 0x32, 0x22, 0x32, 0x23, 0x33, 0x23, 0x33,
  0x20, 0x30, 0x20, 0x30, 0x21, 0x31, 0x21, 0x31, 0x22, 0x32, 0x22, 0x32, 0x23, 0x33, 0x23, 0x33,
  0x20, 0x30, 0x20, 0x30, 0x21, 0x31, 0x21, 0x31, 0x22, 0x32, 0x22, 0x32, 0x23, 0x33, 0x23, 0x33,
  0xFF, 0xFF, 0xFF, 0xFF, 0x00, 0x00, 0x00, 0x00, 0x00, 0x00, 0x00, 0x00, 0x88, 0x91, 0xA2, 0xC4,
  0xA2, 0xC4, 0x88, 0x91, 0xC4, 0x88, 0x91, 0xA2, 0x91, 0xA2, 0xC4, 0x88, 0x55, 0x2A, 0x55, 0x2A,
  0x55, 0x2A, 0x55, 0x2A, 0x08, 0x11, 0x22, 0x44, 0x22, 0x44, 0x08, 0x11, 0x2A, 0x55, 0x2A, 0x55,
  0x55, 0x2A, 0x55, 0x2A, 0xD5, 0xAA, 0xD5, 0xAA, 0xD5, 0xAA, 0xD5, 0xAA, 0xF7, 0xEE, 0xDD, 0xBB,
  0xDD, 0xBB, 0xF7, 0xEE, 0x11, 0x22, 0x44, 0x08, 0x44, 0x08, 0x11, 0x22, 0xAA, 0xD5, 0xAA, 0xD5,
  0xAA, 0xD5, 0xAA, 0xD5, 0x33, 0x66, 0x4C, 0x19, 0x4C, 0x19, 0x33, 0x66, 0xAA, 0xD5, 0xAA, 0xD5,
  0x55, 0x2A, 0x55, 0x2A, 0x2A, 0x55, 0x2A, 0x55, 0x2A, 0x55, 0x2A, 0x55, 0xAA, 0xD5, 0xAA, 0xD5,
  0x2A, 0x55, 0x2A, 0x55, 0x3B, 0x77, 0x6E, 0x5D, 0x6E, 0x5D, 0x3B, 0x77, 0x7F, 0x7F, 0x7F, 0x7F,
  0x7F, 0x7F, 0x7F, 0x7F, 0x20, 0x27, 0x61, 0xA2, 0x00, 0xA4, 0x03, 0x86, 0x07, 0xB9, 0x00, 0x60,
  0x85, 0x04, 0xB9, 0x30, 0x60, 0x85, 0x05, 0xA5, 0x01, 0x85, 0x06, 0xA5, 0x07, 0x6A, 0x26, 0x06,
  0x06, 0x06, 0x06, 0x06, 0xA5, 0x02, 0x29, 0x03, 0x05, 0x06, 0x85, 0x06, 0xA4, 0x06, 0xB9, 0x64,
  0x60, 0xA4, 0x02, 0x3D, 0x60, 0x60, 0x91, 0x04, 0xE8, 0xE6, 0x07, 0xA5, 0x05, 0x18, 0x69, 0x04,
  0x85, 0x05, 0xE0, 0x04, 0xD0, 0xD1, 0x60, 0xA5, 0x00, 0x0A, 0x0A, 0xAA, 0xBD, 0x74, 0x61, 0x8D,
  0x60, 0x60, 0xE8, 0xBD, 0x74, 0x61, 0x8D, 0x61, 0x60, 0xE8, 0xBD, 0x74, 0x61, 0x8D, 0x62, 0x60,
  0xE8, 0xBD, 0x74, 0x61, 0x8D, 0x63, 0x60, 0x60, 0x20, 0x27, 0x61, 0x20, 0xE7, 0x60, 0xA5, 0x02,
  0xC5, 0x08, 0xF0, 0x05, 0xE6, 0x02, 0x4C, 0x4B, 0x61, 0x60, 0x20, 0x27, 0x61, 0x20, 0xE7, 0x60,
  0xA5, 0x03, 0xC5, 0x08, 0xF0, 0xF3, 0xE6, 0x03, 0x4C, 0x5D, 0x61, 0xAD, 0x00, 0xC0, 0x8D, 0x10,
  0xC0, 0x85, 0x09, 0x60, 0x00, 0x00, 0x00, 0x00, 0x8C, 0xBF, 0x8C, 0x00, 0x00, 0x8C, 0xBF, 0x8C,
  0x98, 0xFE, 0x98, 0x00, 0x8C, 0xBF, 0x8C, 0x00, 0xB3, 0xB0, 0x8F, 0x00, 0x8F, 0xB0, 0xB3, 0xB3,
  0xFC, 0x83, 0xF3, 0xB3, 0xF3, 0x83, 0xFC, 0x00, 0xFF, 0x00, 0xFF, 0x00, 0xB3, 0xB3, 0xB3, 0xB3,
  0xFF, 0x00, 0xFF, 0x00, 0xB3, 0xB3, 0xB3, 0xB3, 0xE0, 0xFF, 0xE0, 0x00, 0xBF, 0x0C, 0x0C, 0x0C,
  0x83, 0xFF, 0x83, 0x00, 0x0C, 0x0C, 0x0C, 0xBF, 0x8F, 0xB0, 0xB3, 0xB3, 0xFC, 0x83, 0xF3, 0xB3,
  0xF3, 0x83, 0xFC, 0x00, 0xB3, 0xB0, 0x8F, 0x00, 0xFF, 0xFF, 0xFF, 0xFF, 0xE0, 0xF8, 0xFE, 0xFF,
  0xFF, 0xBF, 0x0F, 0x03, 0x03, 0x0F, 0xBF, 0xFF, 0xFF, 0xFE, 0xF8, 0xE0, 0x9C, 0xE3, 0xE3, 0x9C,
  0x00, 0x00, 0x00, 0x00, 0x00, 0x00, 0x00, 0x00, 0x00, 0x00, 0x00, 0x00, 0x00, 0x00, 0x00, 0x00,
  0x00, 0x00, 0x00, 0x00, 0x00, 0x00, 0x00, 0x00, 0x00, 0x00, 0x00, 0x00, 0x00, 0x00, 0x00, 0x00,
  0xAE, 0x4C, 0x62, 0xBD, 0x3C, 0x62, 0x10, 0x0E, 0x48, 0xA9, 0x00, 0x9D, 0x3C, 0x62, 0xE8, 0x8A,
  0x29, 0x0F, 0x8D, 0x4C, 0x62, 0x68, 0x60, 0xAE, 0x4D, 0x62, 0xAD, 0x00, 0xC0, 0x10, 0xF7, 0x8D,
  0x10, 0xC0, 0x9D, 0x3C, 0x62, 0xE8, 0x8A, 0x29, 0x0F, 0xCD, 0x4C, 0x62, 0xF0, 0xE8, 0x8D, 0x4D,
  0x62, 0x60, 0x00, 0x01, 0x00, 0xFF, 0x00, 0x00, 0x00, 0xFF, 0x00, 0x01, 0x00, 0x00, 0x00, 0x00,
  0x00, 0x00, 0x00, 0x00, 0x00, 0x00, 0x00, 0x00, 0x00, 0x00, 0x00, 0x00, 0x00, 0x00, 0x02, 0x14,
  0x24, 0x14, 0x27, 0x00, 0x07, 0x61, 0xA9, 0x14, 0x20, 0x0F, 0x66, 0x8D, 0x51, 0x62, 0xA9, 0x27,
  0x8D, 0x50, 0x62, 0x8D, 0x52, 0x62, 0xA9, 0x02, 0x8D, 0x4E, 0x62, 0xA9, 0x0A, 0x8D, 0x54, 0x62,
  0xA9, 0x64, 0x8D, 0x55, 0x62, 0xA2, 0x0F, 0xA9, 0x00, 0x9D, 0x3C, 0x62, 0xCA, 0x10, 0xFA, 0x8D,
  0x4C, 0x62, 0x8D, 0x4D, 0x62, 0x4C, 0x88, 0x62, 0x20, 0xC3, 0x69, 0x20, 0x17, 0x62, 0x20, 0x72,
  0x6C, 0x10, 0x75, 0xA2, 0x10, 0x8E, 0x73, 0x64, 0xC9, 0x95, 0xD0, 0x6A, 0xAD, 0x4E, 0x62, 0xCE,
  0x4E, 0x62, 0x18, 0x69, 0x10, 0x85, 0x00, 0xA9, 0x0C, 0x85, 0x01, 0xAD, 0x4F, 0x62, 0x85, 0x02,
  0xAD, 0x50, 0x62, 0x85, 0x03, 0x20, 0xDA, 0x6B, 0xAE, 0x4E, 0x62, 0xCA, 0x8A, 0x29, 0x03, 0xAA,
  0xE8, 0x8E, 0x4E, 0x62, 0x8A, 0x20, 0x64, 0xF8, 0xAC, 0x4F, 0x62, 0xAD, 0x50, 0x62, 0x20, 0x00,
  0xF8, 0xAE, 0x4E, 0x62, 0xAD, 0x4F, 0x62, 0x18, 0x7D, 0x32, 0x62, 0x8D, 0x4F, 0x62, 0xAD, 0x50,
  0x62, 0x18, 0x7D, 0x37, 0x62, 0x8D, 0x50, 0x62, 0xAC, 0x4F, 0x62, 0x20, 0x71, 0xF8, 0x8D, 0x53,
  0x62, 0xAD, 0x4F, 0x62, 0x85, 0x02, 0xAD, 0x50, 0x62, 0x85, 0x03, 0xAD, 0x4E, 0x62, 0x85, 0x00,
  0x20, 0xE4, 0x60, 0x4C, 0x74, 0x64, 0xD0, 0x16, 0xAD, 0x02, 0x03, 0xF0, 0x08, 0x20, 0x32, 0x6A,
  0x10, 0x03, 0x4C, 0x93, 0x62, 0xAD, 0x4E, 0x62, 0x18, 0x69, 0x08, 0x4C, 0xA5, 0x62, 0xC9, 0x88,
  0xD0, 0x27, 0xAD, 0x4E, 0x62, 0xEE, 0x4E, 0x62, 0x18, 0x69, 0x04, 0x4C, 0xA5, 0x62, 0xA9, 0x07,
  0x20, 0x64, 0xF8, 0xAD, 0x50, 0x62, 0xAC, 0x4F, 0x62, 0x20, 0x00, 0xF8, 0xAD, 0x4F, 0x62, 0xC9,
  0x14, 0xD0, 0x5E, 0xAD, 0x50, 0x62, 0xD0, 0x59, 0x60, 0xC9, 0x92, 0xD0, 0x06, 0xA9, 0xFF, 0x8D,
  0x53, 0x62, 0x60, 0xC9, 0xC9, 0xD0, 0x09, 0xAE, 0x4E, 0x62, 0xBD, 0x87, 0x63, 0x4C, 0x91, 0x62,
  0xC9, 0xCA, 0xD0, 0x09, 0xAE, 0x4E, 0x62, 0xBD, 0x8C, 0x63, 0x4C, 0x91, 0x62, 0xC9, 0xCB, 0xD0,
  0x09, 0xAE, 0x4E, 0x62, 0xBD, 0x91, 0x63, 0x4C, 0x91, 0x62, 0xC9, 0xCD, 0xD0, 0x1D, 0xAE, 0x4E,
  0x62, 0xBD, 0x96, 0x63, 0x4C, 0x91, 0x62, 0x00, 0x88, 0x00, 0x95, 0x00, 0x00, 0x00, 0x88, 0x00,
  0x95, 0x00, 0x00, 0x95, 0x00, 0x88, 0x00, 0x95, 0x00, 0x88, 0x00, 0x20, 0xA9, 0x69, 0x4C, 0x0F,
  0x64, 0xAD, 0x54, 0x62, 0xF0, 0x0B, 0xCE, 0x54, 0x62, 0xA2, 0x07, 0x8E, 0x73, 0x64, 0x4C, 0x0F,
  0x64, 0xAD, 0x52, 0x62, 0xAC, 0x51, 0x62, 0x20, 0x71, 0xF8, 0x48, 0xA9, 0x00, 0x20, 0x64, 0xF8,
  0xAD, 0x52, 0x62, 0xAC, 0x51, 0x62, 0x20, 0x00, 0xF8, 0xA9, 0x00, 0x85, 0x01, 0xAD, 0x52, 0x62,
  0x85, 0x03, 0xAD, 0x51, 0x62, 0x85, 0x02, 0x20, 0xE4, 0x60, 0x68, 0xAA, 0xAD, 0x51, 0x62, 0x18,
  0x7D, 0x32, 0x62, 0x8D, 0x51, 0x62, 0xAD, 0x52, 0x62, 0x18, 0x7D, 0x37, 0x62, 0x8D, 0x52, 0x62,
  0xAC, 0x51, 0x62, 0x20, 0x71, 0xF8, 0x18, 0x69, 0x0C, 0x85, 0x00, 0xA9, 0x0C, 0x85, 0x01, 0xAD,
  0x51, 0x62, 0x85, 0x02, 0xAD, 0x52, 0x62, 0x85, 0x03, 0x20, 0xE4, 0x60, 0x4C, 0x0F, 0x64, 0xAC,
  0x49, 0x6C, 0xB9, 0x00, 0xC0, 0xEA, 0xEA, 0xCE, 0x55, 0x62, 0xD0, 0x06, 0xA9, 0xFE, 0x8D, 0x53,
  0x62, 0x60, 0xA9, 0x27, 0xA0, 0x14, 0x20, 0x3D, 0x6B, 0xC9, 0x00, 0xD0, 0x23, 0xA9, 0x15, 0x85,
  0x00, 0xA9, 0x0D, 0x85, 0x01, 0xA9, 0x27, 0x85, 0x03, 0xA9, 0x12, 0x85, 0x02, 0xA9, 0x16, 0x85,
  0x08, 0x20, 0x48, 0x61, 0xA9, 0x0D, 0x20, 0x64, 0xF8, 0xA9, 0x27, 0xA0, 0x14, 0x20, 0x00, 0xF8,
  0xAE, 0x00, 0x03, 0x20, 0xFB, 0x6B, 0x8A, 0x48, 0x20, 0x17, 0x62, 0xAD, 0x73, 0x64, 0xF0, 0x0B,
  0xAC, 0x49, 0x6C, 0xB9, 0x00, 0xC0, 0xEA, 0xEA, 0xCE, 0x73, 0x64, 0x68, 0xAA, 0xCA, 0xD0, 0xE3,
  0x4C, 0x8B, 0x62, 0x00, 0xAD, 0x53, 0x62, 0xD0, 0x03, 0x4C, 0x2E, 0x63, 0xC9, 0x0F, 0xD0, 0x14,
  0xA2, 0x20, 0x8E, 0x73, 0x64, 0xA9, 0x07, 0x20, 0x64, 0xF8, 0xAD, 0x50, 0x62, 0xAC, 0x4F, 0x62,
  0x20, 0xEF, 0x6B, 0x60, 0xEA, 0xEA, 0xA2, 0xFF, 0xBD, 0x00, 0xE0, 0xA8, 0x88, 0xD0, 0xFD, 0xAC,
  0x49, 0x6C, 0xB9, 0x00, 0xC0, 0xCA, 0xD0, 0xF0, 0x60, 0xA2, 0x00, 0x8A, 0xA8, 0x88, 0xD0, 0xFD,
  0xAC, 0x49, 0x6C, 0xB9, 0x00, 0xC0, 0xCA, 0xD0, 0xF2, 0x8A, 0xA8, 0x88, 0xD0, 0xFD, 0xAC, 0x49,
  0x6C, 0xB9, 0x00, 0xC0, 0xE8, 0xD0, 0xF2, 0x60, 0xA9, 0x00, 0x8D, 0x4A, 0x6C, 0xAD, 0x34, 0x66,
  0xD0, 0x01, 0x60, 0x18, 0x6D, 0x36, 0x66, 0x8D, 0x38, 0x66, 0xAD, 0x33, 0x66, 0x18, 0x6D, 0x35,
  0x66, 0x8D, 0x37, 0x66, 0xA8, 0xAD, 0x38, 0x66, 0x20, 0x71, 0xF8, 0xC9, 0x00, 0xF0, 0x5D, 0xAC,
  0x37, 0x66, 0xAD, 0x34, 0x66, 0x20, 0x71, 0xF8, 0xC9, 0x00, 0xF0, 0x11, 0xAD, 0x33, 0x66, 0x8D,
  0x37, 0x66, 0xAD, 0x35, 0x66, 0x49, 0xFE, 0x8D, 0x35, 0x66, 0xEE, 0x4A, 0x6C, 0xAD, 0x38, 0x66,
  0xAC, 0x33, 0x66, 0x20, 0x71, 0xF8, 0xC9, 0x00, 0xF0, 0x11, 0xAD, 0x34, 0x66, 0x8D, 0x38, 0x66,
  0xAD, 0x36, 0x66, 0x49, 0xFE, 0x8D, 0x36, 0x66, 0xEE, 0x4A, 0x6C, 0xAD, 0x4A, 0x6C, 0xD0, 0x1C,
  0xAD, 0x33, 0x66, 0x8D, 0x37, 0x66, 0xAD, 0x34, 0x66, 0x8D, 0x38, 0x66, 0xAD, 0x35, 0x66, 0x49,
  0xFE, 0x8D, 0x35, 0x66, 0xAD, 0x36, 0x66, 0x49, 0xFE, 0x8D, 0x36, 0x66, 0xA9, 0x00, 0x85, 0x01,
  0x20, 0x64, 0xF8, 0xAD, 0x33, 0x66, 0x85, 0x02, 0xAD, 0x34, 0x66, 0x85, 0x03, 0x20, 0xE4, 0x60,
  0xAD, 0x34, 0x66, 0xAC, 0x33, 0x66, 0x20, 0x00, 0xF8, 0xA9, 0x1A, 0x85, 0x00, 0xAD, 0x38, 0x66,
  0xD0, 0x01, 0x60, 0x85, 0x03, 0x8D, 0x34, 0x66, 0xAD, 0x37, 0x66, 0x85, 0x02, 0x8D, 0x33, 0x66,
  0xA9, 0x03, 0x85, 0x01, 0x20, 0x64, 0xF8, 0x20, 0xE4, 0x60, 0xAD, 0x34, 0x66, 0xAC, 0x33, 0x66,
  0x20, 0x00, 0xF8, 0x60, 0xAD, 0x01, 0x03, 0xD0, 0x03, 0x4C, 0x00, 0x62, 0xAD, 0x39, 0x66, 0x8D,
  0x33, 0x66, 0xAD, 0x3A, 0x66, 0x8D, 0x34, 0x66, 0xAD, 0x3D, 0x66, 0x8D, 0x35, 0x66, 0xAD, 0x3E,
  0x66, 0x8D, 0x36, 0x66, 0x20, 0xC8, 0x64, 0xAD, 0x33, 0x66, 0x8D, 0x39, 0x66, 0xAD, 0x34, 0x66,
  0x8D, 0x3A, 0x66, 0xAD, 0x35, 0x66, 0x8D, 0x3D, 0x66, 0xAD, 0x36, 0x66, 0x8D, 0x3E, 0x66, 0xAD,
  0x01, 0x03, 0xC9, 0x01, 0xD0, 0x03, 0x4C, 0x00, 0x62, 0xAD, 0x3B, 0x66, 0x8D, 0x33, 0x66, 0xAD,
  0x3C, 0x66, 0x8D, 0x34, 0x66, 0xAD, 0x3F, 0x66, 0x8D, 0x35, 0x66, 0xAD, 0x40, 0x66, 0x8D, 0x36,
  0x66, 0x20, 0xC8, 0x64, 0xAD, 0x33, 0x66, 0x8D, 0x3B, 0x66, 0xAD, 0x34, 0x66, 0x8D, 0x3C, 0x66,
  0xAD, 0x35, 0x66, 0x8D, 0x3F, 0x66, 0xAD, 0x36, 0x66, 0x8D, 0x40, 0x66, 0x4C, 0x00, 0x62, 0x8D,
  0x4F, 0x62, 0xA9, 0x01, 0x8D, 0x39, 0x66, 0x8D, 0x3A, 0x66, 0x8D, 0x3D, 0x66, 0x8D, 0x3E, 0x66,
  0x8D, 0x40, 0x66, 0x8D, 0x3C, 0x66, 0xA9, 0x26, 0x8D, 0x3B, 0x66, 0xA9, 0xFF, 0x8D, 0x3F, 0x66,
  0xA9, 0x14, 0x60, 0x04, 0x04, 0x01, 0x01, 0x14, 0x24, 0x04, 0x04, 0x26, 0x01, 0x01, 0x01, 0xFF,
  0x01, 0xA9, 0x4A, 0x85, 0x36, 0xA9, 0x66, 0x85, 0x37, 0x60, 0x48, 0x29, 0x7F, 0xC9, 0x20, 0xB0,
  0x04, 0x68, 0x4C, 0xF0, 0xFD, 0x85, 0x08, 0x86, 0x02, 0x84, 0x03, 0xA9, 0x00, 0x85, 0x00, 0x85,
  0x01, 0xA5, 0x29, 0x38, 0xE9, 0x04, 0x18, 0x69, 0x20, 0x85, 0x05, 0xA5, 0x28, 0x18, 0x65, 0x24,
  0x85, 0x04, 0xA5, 0x08, 0x38, 0xE9, 0x20, 0x0A, 0x0A, 0x26, 0x01, 0x0A, 0x26, 0x01, 0x18, 0x69,
  0xA9, 0x85, 0x00, 0xA5, 0x01, 0x69, 0x66, 0x85, 0x01, 0xA2, 0x00, 0x8A, 0xA8, 0xB1, 0x00, 0xA0,
  0x00, 0x91, 0x04, 0xA5, 0x05, 0x18, 0x69, 0x04, 0x85, 0x05, 0xE8, 0xE0, 0x08, 0xD0, 0xEC, 0xA6,
  0x02, 0xA4, 0x03, 0x4C, 0x51, 0x66, 0x4C, 0x55, 0x66, 0x00, 0x00, 0x00, 0x00, 0x00, 0x00, 0x00,
  0x00, 0x08, 0x08, 0x08, 0x08, 0x08, 0x00, 0x08, 0x00, 0x14, 0x14, 0x14, 0x00, 0x00, 0x00, 0x00,
  0x00, 0x28, 0x94, 0x7E, 0x14, 0xBF, 0x8A, 0x0A, 0x00, 0x08, 0x3C, 0x0A, 0x1C, 0x28, 0x1E, 0x08,
  0x00, 0x06, 0x26, 0x10, 0x08, 0x04, 0x32, 0x30, 0x00, 0x04, 0x0A, 0x0A, 0x04, 0x2A, 0x12, 0x2C,
  0x00, 0x08, 0x08, 0x08, 0x00, 0x00, 0x00, 0x00, 0x00, 0x08, 0x04, 0x02, 0x02, 0x02, 0x04, 0x08,
  0x00, 0x08, 0x10, 0x20, 0x20, 0x20, 0x10, 0x08, 0x00, 0x08, 0x2A, 0x1C, 0x08, 0x1C, 0x2A, 0x08,
  0x00, 0x00, 0x08, 0x08, 0x3E, 0x08, 0x08, 0x00, 0x00, 0x00, 0x00, 0x00, 0x00, 0x00, 0x8C, 0x88,
  0x84, 0x00, 0x00, 0x00, 0x3E, 0x00, 0x00, 0x00, 0x00, 0x00, 0x00, 0x00, 0x00, 0x00, 0x00, 0x8C,
  0x00, 0x00, 0x20, 0x10, 0x08, 0x04, 0x02, 0x00, 0x00, 0x8C, 0x92, 0x22, 0x22, 0x22, 0x92, 0x8C,
  0x00, 0x08, 0x0C, 0x08, 0x08, 0x08, 0x08, 0x1C, 0x00, 0x1C, 0x22, 0x20, 0x10, 0x84, 0x82, 0x3E,
  0x00, 0x3E, 0x90, 0x10, 0x18, 0x20, 0x22, 0x1C, 0x00, 0x10, 0x18, 0x14, 0x12, 0x3E, 0x10, 0x10,
  0x00, 0x3E, 0x02, 0x1E, 0x20, 0x20, 0x22, 0x1C, 0x00, 0x18, 0x04, 0x82, 0x1E, 0x22, 0x22, 0x1C,
  0x00, 0x3E, 0x90, 0x10, 0x88, 0x08, 0x84, 0x04, 0x00, 0x1C, 0x22, 0x22, 0x1C, 0x22, 0x22, 0x1C,
  0x00, 0x1C, 0x22, 0x22, 0x3C, 0x90, 0x10, 0x0C, 0x00, 0x00, 0x00, 0x8C, 0x00, 0x00, 0x8C, 0x00,
  0x00, 0x00, 0x00, 0x8C, 0x00, 0x00, 0x8C, 0x88, 0x84, 0x10, 0x08, 0x04, 0x02, 0x04, 0x08, 0x10,
  0x00, 0x00, 0x00, 0x3E, 0x00, 0x3E, 0x00, 0x00, 0x00, 0x04, 0x08, 0x10, 0x20, 0x10, 0x08, 0x04,
  0x00, 0x1C, 0x22, 0x90, 0x88, 0x08, 0x00, 0x08, 0x00, 0x1C, 0x22, 0x2A, 0x3A, 0x1A, 0x02, 0x3C,
  0x00, 0x08, 0x8C, 0x14, 0x92, 0x3E, 0x22, 0x22, 0x00, 0x1E, 0x22, 0x22, 0x1E, 0x22, 0x22, 0x1E,
  0x00, 0x1C, 0x22, 0x02, 0x02, 0x02, 0x22, 0x1C, 0x00, 0x1E, 0x22, 0x22, 0x22, 0x22, 0x22, 0x1E,
  0x00, 0x3E, 0x02, 0x02, 0x1E, 0x02, 0x02, 0x3E, 0x00, 0x3E, 0x02, 0x02, 0x1E, 0x02, 0x02, 0x02,
  0x00, 0x3C, 0x02, 0x02, 0x02, 0x32, 0x22, 0x3C, 0x00, 0x22, 0x22, 0x22, 0x3E, 0x22, 0x22, 0x22,
  0x00, 0x1C, 0x08, 0x08, 0x08, 0x08, 0x08, 0x1C, 0x00, 0x20, 0x20, 0x20, 0x20, 0x20, 0x22, 0x1C,
  0x00, 0x22, 0x12, 0x0A, 0x06, 0x0A, 0x12, 0x22, 0x00, 0x02, 0x02, 0x02, 0x02, 0x02, 0x02, 0x3E,
  0x00, 0x22, 0x36, 0x2A, 0x2A, 0x22, 0x22, 0x22, 0x00, 0x22, 0x22, 0x26, 0x2A, 0x32, 0x22, 0x22,
  0x00, 0x1C, 0x22, 0x22, 0x22, 0x22, 0x22, 0x1C, 0x00, 0x1E, 0x22, 0x22, 0x1E, 0x02, 0x02, 0x02,
  0x00, 0x1C, 0x22, 0x22, 0x22, 0x2A, 0x12, 0x2C, 0x00, 0x1E, 0x22, 0x22, 0x1E, 0x0A, 0x12, 0x22,
  0x00, 0x1C, 0x22, 0x02, 0x1C, 0x20, 0x22, 0x1C, 0x00, 0x3E, 0x08, 0x08, 0x08, 0x08, 0x08, 0x08,
  0x00, 0x22, 0x22, 0x22, 0x22, 0x22, 0x22, 0x1C, 0x00, 0x22, 0x22, 0x22, 0x92, 0x14, 0x8C, 0x08,
  0x00, 0x22, 0x22, 0x22, 0x2A, 0x2A, 0x36, 0x22, 0x00, 0x22, 0x92, 0x14, 0x08, 0x14, 0x92, 0x22,
  0x00, 0x22, 0x92, 0x14, 0x08, 0x08, 0x08, 0x08, 0x00, 0x3E, 0x90, 0x10, 0x08, 0x04, 0x82, 0x3E,
  0x00, 0x3E, 0x06, 0x06, 0x06, 0x06, 0x06, 0x3E, 0x00, 0x00, 0x02, 0x04, 0x08, 0x10, 0x20, 0x00,
  0x00, 0x3E, 0x30, 0x30, 0x30, 0x30, 0x30, 0x3E, 0x00, 0x00, 0x00, 0x08, 0x14, 0x22, 0x00, 0x00,
  0x00, 0x00, 0x00, 0x00, 0x00, 0x00, 0x00, 0x00, 0x7F, 0x04, 0x08, 0x10, 0x00, 0x00, 0x00, 0x00,
  0x00, 0x00, 0x00, 0x1C, 0x20, 0x3C, 0x22, 0x3C, 0x00, 0x00, 0x08, 0x1C, 0x3E, 0x08, 0x08, 0x08,
  0x08, 0x00, 0x08, 0x08, 0x08, 0x08, 0x3E, 0x1C, 0x08, 0x00, 0x00, 0x04, 0x06, 0x7F, 0x06, 0x04,
  0x00, 0x00, 0x00, 0x10, 0x30, 0x7F, 0x30, 0x10, 0x00, 0x00, 0x00, 0x04, 0x7E, 0x01, 0x7E, 0x04,
  0x00, 0x00, 0x00, 0x10, 0x3F, 0x40, 0x3F, 0x10, 0x00, 0x02, 0x02, 0x1E, 0x22, 0x22, 0x22, 0x22,
  0x00, 0x08, 0x00, 0x0C, 0x08, 0x08, 0x08, 0x1C, 0x00, 0x10, 0x00, 0x18, 0x10, 0x10, 0x10, 0x12,
  0x0C, 0x02, 0x02, 0x22, 0x12, 0x0E, 0x12, 0x22, 0x00, 0x0C, 0x08, 0x08, 0x08, 0x08, 0x08, 0x1C,
  0x00, 0x00, 0x00, 0x36, 0x2A, 0x2A, 0x2A, 0x22, 0x00, 0x00, 0x00, 0x1E, 0x22, 0x22, 0x22, 0x22,
  0x00, 0x00, 0x00, 0x1C, 0x22, 0x22, 0x22, 0x1C, 0x00, 0x00, 0x00, 0x1E, 0x22, 0x22, 0x1E, 0x02,
  0x02, 0x00, 0x00, 0x3C, 0x22, 0x22, 0x3C, 0x20, 0x20, 0x00, 0x00, 0x3A, 0x06, 0x02, 0x02, 0x02,
  0x00, 0x00, 0x00, 0x3C, 0x02, 0x1C, 0x20, 0x1E, 0x00, 0x04, 0x04, 0x1E, 0x04, 0x04, 0x24, 0x18,
  0x00, 0x00, 0x00, 0x22, 0x22, 0x22, 0x32, 0x2C, 0x00, 0x00, 0x00, 0x22, 0x92, 0x14, 0x8C, 0x08,
  0x00, 0x00, 0x00, 0x22, 0x22, 0x2A, 0x2A, 0x36, 0x00, 0x00, 0x00, 0x22, 0x14, 0x08, 0x14, 0x22,
  0x00, 0x00, 0x00, 0x22, 0x92, 0x14, 0x8C, 0x08, 0x86, 0x00, 0x00, 0x3E, 0x10, 0x08, 0x04, 0x3E,
  0x00, 0x38, 0x0C, 0x0C, 0x06, 0x0C, 0x0C, 0x38, 0x00, 0x08, 0x08, 0x08, 0x08, 0x08, 0x08, 0x08,
  0x08, 0x0E, 0x18, 0x18, 0x30, 0x18, 0x18, 0x0E, 0x00, 0x2C, 0x1A, 0x00, 0x00, 0x00, 0x00, 0x00,
  0x00, 0x7F, 0x7F, 0x7F, 0x7F, 0x7F, 0x7F, 0x7F, 0x7F, 0xC9, 0x9B, 0xD0, 0x08, 0xAD, 0x00, 0xC0,
  0x10, 0xFB, 0x8D, 0x10, 0xC0, 0xC9, 0x93, 0xD0, 0x08, 0xAD, 0xC2, 0x69, 0x49, 0x01, 0x8D, 0xC2,
  0x69, 0x60, 0x00, 0xAD, 0x4F, 0x62, 0x8D, 0x39, 0x6B, 0xA9, 0x01, 0x8D, 0x3A, 0x6B, 0xAD, 0x3A,
  0x6B, 0xAC, 0x39, 0x6B, 0x20, 0x71, 0xF8, 0xC9, 0x0F, 0xF0, 0x4A, 0xEE, 0x3A, 0x6B, 0xAD, 0x3A,
  0x6B, 0xC9, 0x27, 0xD0, 0xE9, 0xA9, 0x01, 0x8D, 0x3A, 0x6B, 0xCE, 0x39, 0x6B, 0xD0, 0xDF, 0xAD,
  0x4F, 0x62, 0x8D, 0x39, 0x6B, 0xAD, 0x3A, 0x6B, 0xAC, 0x39, 0x6B, 0x20, 0x71, 0xF8, 0xC9, 0x0F,
  0xF0, 0x23, 0xEE, 0x3A, 0x6B, 0xAD, 0x3A, 0x6B, 0xC9, 0x27, 0xD0, 0xE9, 0xA9, 0x01, 0x8D, 0x3A,
  0x6B, 0xEE, 0x39, 0x6B, 0xAD, 0x39, 0x6B, 0xC9, 0x27, 0xD0, 0xDA, 0xA9, 0x00, 0x8D, 0x3A, 0x6B,
  0xA9, 0x14, 0x8D, 0x39, 0x6B, 0xAD, 0x39, 0x6B, 0x8D, 0x3B, 0x6B, 0xAD, 0x3A, 0x6B, 0x8D, 0x3C,
  0x6B, 0x60, 0xAD, 0x3C, 0x6B, 0xCD, 0x50, 0x62, 0xF0, 0x20, 0xA9, 0x04, 0xB0, 0x02, 0xA9, 0x02,
  0x8D, 0x38, 0x6B, 0x20, 0xB8, 0x6A, 0xD0, 0x12, 0xAD, 0x38, 0x6B, 0xCD, 0x4E, 0x62, 0xF0, 0x04,
  0xAA, 0xBD, 0x55, 0x6A, 0x60, 0x00, 0xCB, 0xC9, 0xCA, 0xCD, 0xAD, 0x3B, 0x6B, 0xCD, 0x4F, 0x62,
  0x90, 0x17, 0xA9, 0x01, 0x8D, 0x38, 0x6B, 0x20, 0xB8, 0x6A, 0xF0, 0xDC, 0xA9, 0x03, 0x8D, 0x38,
  0x6B, 0x20, 0xB8, 0x6A, 0xF0, 0xD2, 0x4C, 0x8D, 0x6A, 0xA9, 0x03, 0x8D, 0x38, 0x6B, 0x20, 0xB8,
  0x6A, 0xF0, 0xC5, 0xA9, 0x01, 0x8D, 0x38, 0x6B, 0x20, 0xB8, 0x6A, 0xF0, 0xBB, 0xAD, 0x3C, 0x6B,
  0xCD, 0x50, 0x62, 0x90, 0x0A, 0xA9, 0x04, 0x8D, 0x38, 0x6B, 0x20, 0xB8, 0x6A, 0xF0, 0xA9, 0xA9,
  0x02, 0x8D, 0x38, 0x6B, 0x20, 0xB8, 0x6A, 0xF0, 0x9F, 0xA9, 0x04, 0x8D, 0x38, 0x6B, 0x20, 0xB8,
  0x6A, 0xF0, 0x95, 0x68, 0x68, 0x4C, 0x15, 0x63, 0xAE, 0x38, 0x6B, 0xBD, 0x32, 0x62, 0x18, 0x6D,
  0x4F, 0x62, 0x8D, 0x37, 0x66, 0xBD, 0x37, 0x62, 0x18, 0x6D, 0x50, 0x62, 0x8D, 0x38, 0x66, 0xAC,
  0x37, 0x66, 0x20, 0x71, 0xF8, 0xC9, 0x00, 0xF0, 0x02, 0xC9, 0x0F, 0xF0, 0x01, 0x60, 0xA9, 0x00,
  0x8D, 0x4A, 0x6C, 0xAD, 0x38, 0x66, 0xF0, 0xF5, 0xAC, 0x37, 0x66, 0xC8, 0x20, 0x71, 0xF8, 0xC9,
  0x00, 0xD0, 0x03, 0xEE, 0x4A, 0x6C, 0xAD, 0x38, 0x66, 0xAC, 0x37, 0x66, 0x88, 0x20, 0x71, 0xF8,
  0xC9, 0x00, 0xD0, 0x03, 0xEE, 0x4A, 0x6C, 0xAD, 0x38, 0x66, 0x18, 0x69, 0x01, 0xAC, 0x37, 0x66,
  0x20, 0x71, 0xF8, 0xC9, 0x00, 0xD0, 0x03, 0xEE, 0x4A, 0x6C, 0xAD, 0x38, 0x66, 0x38, 0xE9, 0x01,
  0xAC, 0x37, 0x66, 0x20, 0x71, 0xF8, 0xC9, 0x00, 0xD0, 0x03, 0xEE, 0x4A, 0x6C, 0xAD, 0x4A, 0x6C,
  0xF0, 0x03, 0xA9, 0x00, 0x60, 0xA9, 0x01, 0x60, 0x02, 0x13, 0x1D, 0x13, 0x1D, 0x20, 0x4B, 0x6C,
  0xA9, 0x15, 0x85, 0x00, 0xA9, 0x02, 0x85, 0x01, 0xA9, 0x00, 0x85, 0x02, 0xA9, 0x01, 0x85, 0x03,
  0xAD, 0x55, 0x62, 0x10, 0x07, 0xA9, 0xFF, 0x8D, 0x55, 0x62, 0xA9, 0x70, 0x4A, 0x4A, 0x85, 0x08,
  0xE6, 0x08, 0x20, 0x5A, 0x61, 0xA9, 0x27, 0x85, 0x02, 0xA9, 0x01, 0x85, 0x03, 0x20, 0x5A, 0x61,
  0xE6, 0x08, 0xA5, 0x08, 0x48, 0x85, 0x03, 0xA9, 0x0D, 0x85, 0x01, 0xA9, 0x27, 0x85, 0x08, 0x20,
  0x5A, 0x61, 0x68, 0x85, 0x03, 0xA9, 0x00, 0x85, 0x02, 0x20, 0x5A, 0x61, 0xA9, 0x27, 0xA0, 0x14,
  0x4C, 0x71, 0xF8, 0x20, 0x27, 0x61, 0xA2, 0x00, 0xA4, 0x03, 0x86, 0x07, 0xB9, 0x00, 0x60, 0x85,
  0x04, 0xB9, 0x30, 0x60, 0x85, 0x05, 0xA5, 0x01, 0x85, 0x06, 0xA5, 0x07, 0x6A, 0x66, 0x06, 0x06,
  0x06, 0x06, 0x06, 0xA5, 0x02, 0x29, 0x03, 0x05, 0x06, 0x85, 0x06, 0xA4, 0x06, 0xB9, 0x64, 0x60,
  0x49, 0x7F, 0xA4, 0x02, 0x3D, 0x60, 0x60, 0x11, 0x04, 0x91, 0x04, 0xE8, 0xE6, 0x07, 0xA5, 0x05,
  0x18, 0x69, 0x04, 0x85, 0x05, 0xE0, 0x04, 0xD0, 0xCD, 0x60, 0x20, 0xE4, 0x60, 0xAD, 0x05, 0x03,
  0xF0, 0x07, 0xA9, 0x01, 0x85, 0x00, 0x20, 0x93, 0x6B, 0xA9, 0x00, 0x8D, 0x05, 0x03, 0x60, 0x20,
  0x00, 0xF8, 0xA9, 0x01, 0x8D, 0x05, 0x03, 0x8D, 0x46, 0x6C, 0x60, 0xA9, 0x14, 0x8D, 0x48, 0x6C,
  0xAD, 0x46, 0x6C, 0xF0, 0x1B, 0xC9, 0x80, 0xB0, 0x17, 0xCE, 0x47, 0x6C, 0xD0, 0x12, 0xAC, 0x49,
  0x6C, 0xB9, 0x00, 0xC0, 0xEE, 0x46, 0x6C, 0xEE, 0x46, 0x6C, 0xAD, 0x46, 0x6C, 0x8D, 0x47, 0x6C,
  0xAD, 0x46, 0x6C, 0xC9, 0x80, 0x90, 0x05, 0xA9, 0x00, 0x8D, 0x46, 0x6C, 0xA9, 0x20, 0x8D, 0x49,
  0x6C, 0xAD, 0x02, 0x03, 0xD0, 0x0A, 0xAD, 0xC2, 0x69, 0xD0, 0x05, 0xA9, 0x30, 0x8D, 0x49, 0x6C,
  0xCE, 0x48, 0x6C, 0xD0, 0xBB, 0x60, 0x00, 0x00, 0x0F, 0x20, 0x03, 0xE6, 0x0E, 0xD0, 0x02, 0xE6,
  0x0F, 0xA0, 0x00, 0xB1, 0x0E, 0x10, 0x0B, 0xA9, 0x00, 0x85, 0x0E, 0xA9, 0x18, 0x85, 0x0F, 0x4C,
  0x51, 0x6C, 0x60, 0xC9, 0xCA, 0xCB, 0xCD, 0x88, 0x95, 0x00, 0xC9, 0xCA, 0xCB, 0xCD, 0x88, 0x95,
  0x00, 0x00, 0x20, 0x94, 0x65, 0x48, 0xAD, 0x02, 0x03, 0xF0, 0x15, 0xAD, 0x71, 0x6C, 0xF0, 0x09,
  0xAD, 0x61, 0xC0, 0x30, 0x04, 0x68, 0xA9, 0x92, 0x60, 0x68, 0x10, 0x03, 0xA9, 0x92, 0x60, 0x60,
  0x68, 0xA2, 0x05, 0xDD, 0x63, 0x6C, 0xF0, 0x06, 0xCA, 0x10, 0xF8, 0x4C, 0xA1, 0x6C, 0xBD, 0x6A,
  0x6C, 0xC9, 0x80, 0xD0, 0x06, 0xA9, 0x01, 0x8D, 0x71, 0x6C, 0x60, 0xC9, 0x8B, 0xD0, 0x06, 0xA9,
  0x00, 0x8D, 0x71, 0x6C, 0x60, 0xC9, 0x00, 0x10, 0x01, 0x60, 0xAE, 0x71, 0x6C, 0xD0, 0x03, 0xC9,
  0x00, 0x60, 0xA0, 0x00, 0xAD, 0x5B, 0xC0, 0xAD, 0x62, 0xC0, 0x30, 0x03, 0xA2, 0x00, 0xC8, 0xAD,
  0x63, 0xC0, 0x30, 0x03, 0xA2, 0x03, 0xC8, 0xAD, 0x5A, 0xC0, 0xAD, 0x62, 0xC0, 0x30, 0x03, 0xA2,
  0x01, 0xC8, 0xAD, 0x63, 0xC0, 0x30, 0x03, 0xA2, 0x02, 0xC8, 0xC0, 0x01, 0xF0, 0x03, 0xA9, 0x00,
  0x60, 0xBD, 0x6A, 0x6C, 0x60, 0x00, 0x00, 0x00, 0x00, 0x00, 0x00, 0x00, 0x00, 0x00, 0x00, 0x00,
  0x00, 0x00, 0x00, 0x00, 0x00, 0x00, 0x00, 0x00, 0x00, 0x00, 0x00, 0x00, 0x00, 0x00, 0x00, 0x00,
  0x00, 0x00, 0x00, 0x00, 0x00, 0x00, 0x00, 0x00, 0x00, 0x00, 0x00, 0x00, 0x00, 0x00, 0x00, 0x00,
  0x00, 0x00, 0x00, 0x00, 0x00, 0x00, 0x00, 0x00, 0x00, 0x00, 0x00, 0x00, 0x00, 0x00, 0x00, 0x00,
  0x00, 0x00, 0x00, 0x00, 0x00, 0x00, 0x00, 0x00, 0x00, 0x00, 0x00, 0x00, 0x00, 0x00, 0x00, 0x00,
  0x00, 0x00, 0x00, 0x00, 0x00, 0x00, 0x00, 0x00, 0x00, 0x00, 0x00, 0x00, 0x00, 0x00, 0x00, 0x00,
  0x00, 0x00, 0x00, 0x00, 0x00, 0x00, 0x00, 0x00, 0x00, 0x00, 0x00, 0x00, 0x00, 0x00, 0x00, 0x00,
  0x00, 0x00, 0x00, 0x00, 0x00, 0x00, 0x00, 0x00, 0x00, 0x00, 0x00, 0x00, 0x00, 0x00, 0x00, 0x00,
  0x00, 0x00, 0x00, 0x00, 0x00, 0x00, 0x00, 0x00, 0x00, 0x00, 0x00, 0x00, 0x00, 0x00, 0x00, 0x00,
  0x00, 0x00, 0x00, 0x00, 0x00, 0x00, 0x00, 0x00, 0x00, 0x00, 0x00, 0x00, 0x00, 0x00, 0x00, 0x00,
  0x00, 0x00, 0x00, 0x00, 0x00, 0x00, 0x00, 0x00, 0x00, 0x00, 0x00, 0x00, 0x00, 0x00, 0x00, 0x00,
  0x00, 0x00, 0x00, 0x00, 0x00, 0x00, 0x00, 0x00, 0x00, 0x00, 0x00, 0x00, 0x00, 0x00, 0x00, 0x00,
  0x00, 0x00, 0x00, 0x00, 0x00, 0x00, 0x00, 0x00, 0x00, 0x00, 0x00, 0x00, 0x00, 0x00, 0x00, 0x00,
  0x00, 0x00, 0x00, 0x00, 0x00, 0x00, 0x00, 0x00, 0x00, 0x00, 0x00, 0x00, 0x00, 0x00, 0x00, 0x00,
  0x00, 0x00, 0x00, 0x00, 0x00, 0x00, 0x00, 0x00, 0x00, 0x00, 0x00, 0x00, 0x00, 0x00, 0x00, 0x00,
  0x00, 0x00, 0x00, 0x00, 0x00, 0x00, 0x00, 0x00, 0x00, 0x00, 0x00, 0x00, 0x00, 0x00, 0x00, 0x00,
  0x00, 0x00, 0x00, 0x00, 0x00, 0x00, 0x00, 0x00, 0x00, 0x00, 0x00, 0x00, 0x00, 0x00, 0x00, 0x00,
  0x00, 0x00, 0x00, 0x00, 0x00, 0x00, 0x00, 0x00, 0x00, 0x00, 0x00, 0x00, 0x00, 0x00, 0x00, 0x00,
  0x00, 0x00, 0x00, 0x00, 0x00, 0x00, 0x00, 0x00, 0x00, 0x00, 0x00, 0x00, 0x00, 0x00, 0x00, 0x00,
  0x00, 0x00, 0x00, 0x00, 0x00, 0x00, 0x00, 0x00, 0x00, 0x00, 0x00, 0x00, 0x00, 0x00, 0x00, 0x00,
  0x00, 0x00, 0x00, 0x00, 0x00, 0x00, 0x00, 0x00, 0x00, 0x00, 0x00, 0x00, 0x00, 0x00, 0x00, 0x00,
  0x00, 0x00, 0x00, 0x00, 0x00, 0x00, 0x00, 0x00, 0x00, 0x00, 0x00, 0x00, 0x00, 0x00, 0x00, 0x00,
  0x00, 0x00, 0x00, 0x00, 0x00, 0x00, 0x00, 0x00, 0x00, 0x00, 0x00, 0x00, 0x00, 0x00, 0x00, 0x00,
  0x00, 0x00, 0x00, 0x00, 0x00, 0x00, 0x00, 0x00, 0x00, 0x00, 0x00, 0x00, 0x00, 0x00, 0x00, 0x00,
  0x00, 0x00, 0x00, 0x00, 0x00, 0x00, 0x00, 0x00, 0x00, 0x00, 0x00, 0x00, 0x00, 0x00, 0x00, 0x00,
  0x00, 0x00, 0x00, 0x00, 0x00, 0x00, 0x00, 0x00, 0x00, 0x00, 0x00, 0x00, 0x00, 0x00, 0x00, 0x00,
  0x00, 0x00, 0x00, 0x00, 0x00, 0x00, 0x00, 0x00, 0x00, 0x00, 0x00, 0x00, 0x00, 0x00, 0x00, 0x00,
  0x00, 0x00, 0x00, 0x00, 0x00, 0x00, 0x00, 0x00, 0x00, 0x00, 0x00, 0x00, 0x00, 0x00, 0x00, 0x00,
  0x00, 0x00, 0x00, 0x00, 0x00, 0x00, 0x00, 0x00, 0x00, 0x00, 0x00, 0x00, 0x00, 0x00, 0x00, 0x00,
  0x00, 0x00, 0x00, 0x00, 0x00, 0x00, 0x00, 0x00, 0x00, 0x00, 0x00, 0x00, 0x00, 0x00, 0x00, 0x00,
  0x00, 0x00, 0x00, 0x00, 0x00, 0x00, 0x00, 0x00, 0x00, 0x00, 0x00, 0x00, 0x00, 0x00, 0x00, 0x00,
  0x00, 0x00, 0x00, 0x00, 0x00, 0x00, 0x00, 0x00, 0x00, 0x00, 0x00, 0x00, 0x00, 0x00, 0x00, 0x00,
  0x00, 0x00, 0x00, 0x00, 0x00, 0x00, 0x00, 0x00, 0x00, 0x00, 0x00, 0x00, 0x00, 0x00, 0x00, 0x00,
  0x00, 0x00, 0x00, 0x00, 0x00, 0x00, 0x00, 0x00, 0x00, 0x00, 0x00, 0x00, 0x00, 0x00, 0x00, 0x00,
  0x00, 0x00, 0x00, 0x00, 0x00, 0x00, 0x00, 0x00, 0x00, 0x00, 0x00, 0x00, 0x00, 0x00, 0x00, 0x00,
  0x00, 0x00, 0x00, 0x00, 0x00, 0x00, 0x00, 0x00, 0x00, 0x00, 0x00, 0x00, 0x00, 0x00, 0x00, 0x00,
  0x00, 0x00, 0x00, 0x00, 0x00, 0x00, 0x00, 0x00, 0x00, 0x00, 0x00, 0x00, 0x00, 0x00, 0x00, 0x00,
  0x00, 0x00, 0x00, 0x00, 0x00, 0x00, 0x00, 0x00, 0x00, 0x00, 0x00, 0x00, 0x00, 0x00, 0x00, 0x00,
  0x00, 0x00, 0x00, 0x00, 0x00, 0x00, 0x00, 0x00, 0x00, 0x00, 0x00, 0x00, 0x00, 0x00, 0x00, 0x00,
  0x00, 0x00, 0x00, 0x00, 0x00, 0x00, 0x00, 0x00, 0x00, 0x00, 0x00, 0x00, 0x00, 0x00, 0x00, 0x00,
  0x00, 0x00, 0x00, 0x00, 0x00, 0x00, 0x00, 0x00, 0x00, 0x00, 0x00, 0x00, 0x00, 0x00, 0x00, 0x00,
  0x00, 0x00, 0x00, 0x00, 0x00, 0x00, 0x00, 0x00, 0x00, 0x00, 0x00, 0x00, 0x00, 0x00, 0x00, 0x00,
  0x00, 0x00, 0x00, 0x00, 0x00, 0x00, 0x00, 0x00, 0x00, 0x00, 0x00, 0x00, 0x00, 0x00, 0x00, 0x00,
  0x00, 0x00, 0x00, 0x00, 0x00, 0x00, 0x00, 0x00, 0x00, 0x00, 0x00, 0x00, 0x00, 0x00, 0x00, 0x00,
  0x00, 0x00, 0x00, 0x00, 0x00, 0x00, 0x00, 0x00, 0x00, 0x00, 0x00, 0x00, 0x00, 0x00, 0x00, 0x00,
  0x00, 0x00, 0x00, 0x00, 0x00, 0x00, 0x00, 0x00, 0x00, 0x00, 0x00, 0x00, 0x00, 0x00, 0x00, 0x00,
  0x00, 0x00, 0x00, 0x00, 0x00, 0x00, 0x00, 0x00, 0x00, 0x00, 0x00, 0x00, 0x00, 0x00, 0x00, 0x00,
  0x00, 0x00, 0x00, 0x00, 0x00, 0x00, 0x00, 0x00, 0x00, 0x00, 0x00, 0x00, 0x00, 0x00, 0x00, 0x00,
  0x00, 0x00, 0x00, 0x00, 0x00, 0x00, 0x00, 0x00, 0x00, 0x00, 0x00, 0x00, 0x00, 0x00, 0x00, 0x00,
  0xA5, 0x03, 0x48, 0xA5, 0x03, 0xA4, 0x02, 0x20, 0x00, 0xF8, 0xA5, 0x03, 0xC5, 0x08, 0xF0, 0x05,
  0xE6, 0x03, 0x4C, 0x03, 0x70, 0x68, 0x85, 0x03, 0x60, 0xA0, 0x00, 0xB1, 0x0A, 0xE6, 0x0A, 0xD0,
  0x02, 0xE6, 0x0B, 0x60, 0xF0, 0x02, 0xA9, 0x05, 0x4C, 0x64, 0xF8, 0xA9, 0x00, 0x85, 0x04, 0xA9,
  0x20, 0x85, 0x05, 0xA0, 0x00, 0xA9, 0x00, 0x91, 0x04, 0xC8, 0xD0, 0xF9, 0xE6, 0x05, 0xA5, 0x05,
  0xC9, 0x40, 0xD0, 0xF1, 0x60, 0x20, 0x2B, 0x70, 0xA9, 0x00, 0x8D, 0x46, 0x6C, 0xAD, 0x50, 0xC0,
  0xAD, 0x57, 0xC0, 0xAD, 0x55, 0xC0, 0xAD, 0x52, 0xC0, 0xA9, 0x04, 0x85, 0x02, 0xA9, 0x00, 0x85,
  0x03, 0x88, 0xD0, 0xFD, 0xC6, 0x03, 0xD0, 0xF9, 0xC6, 0x02, 0xD0, 0xF5, 0xA9, 0x27, 0x85, 0x03,
  0xA9, 0x00, 0x20, 0x24, 0x70, 0xA9, 0x27, 0x85, 0x2C, 0xA0, 0x00, 0xA5, 0x03, 0x20, 0x19, 0xF8,
  0xC6, 0x03, 0x10, 0xF1, 0xA9, 0x14, 0x85, 0x22, 0xA9, 0x15, 0x85, 0x00, 0xA9, 0x0D, 0x85, 0x01,
  0x20, 0x24, 0x70, 0xAD, 0x01, 0x03, 0xF0, 0x14, 0xA9, 0x01, 0xA8, 0x20, 0x00, 0xF8, 0xAD, 0x01,
  0x03, 0xC9, 0x01, 0xF0, 0x07, 0xA9, 0x01, 0xA0, 0x26, 0x20, 0x00, 0xF8, 0xA0, 0x00, 0xA9, 0x00,
  0x20, 0x19, 0xF8, 0xA0, 0x00, 0xA9, 0x27, 0x20, 0x19, 0xF8, 0xA9, 0x00, 0x85, 0x02, 0xA9, 0x00,
  0x85, 0x03, 0xA9, 0x27, 0x85, 0x08, 0x20, 0x00, 0x70, 0xA9, 0x00, 0x85, 0x03, 0xA9, 0x27, 0x85,
  0x02, 0x20, 0x00, 0x70, 0xA9, 0x00, 0x85, 0x02, 0x85, 0x03, 0xA9, 0x27, 0x85, 0x08, 0x20, 0x48,
  0x61, 0xA9, 0x00, 0x85, 0x02, 0xA9, 0x27, 0x85, 0x03, 0x20, 0x48, 0x61, 0xA9, 0x00, 0x85, 0x02,
  0x85, 0x03, 0x20, 0x5A, 0x61, 0xA9, 0x00, 0x85, 0x03, 0xA9, 0x27, 0x85, 0x02, 0x20, 0x5A, 0x61,
  0xA9, 0x03, 0x85, 0x01, 0xA9, 0x27, 0x85, 0x03, 0xA9, 0x12, 0x85, 0x02, 0xA9, 0x16, 0x85, 0x08,
  0x20, 0x48, 0x61, 0xAE, 0x03, 0x03, 0xA9, 0x00, 0x85, 0x0A, 0xA9, 0x80, 0x85, 0x0B, 0xCA, 0xF0,
  0x0A, 0x20, 0x19, 0x70, 0xC9, 0x2A, 0xF0, 0xF6, 0x4C, 0x21, 0x71, 0x20, 0x19, 0x70, 0xC9, 0x45,
  0xD0, 0x08, 0xA2, 0x01, 0x8E, 0x03, 0x03, 0x4C, 0x13, 0x71, 0xC9, 0x48, 0xD0, 0x2A, 0x20, 0x19,
  0x70, 0x85, 0x01, 0x20, 0x19, 0x70, 0x85, 0x02, 0x20, 0x19, 0x70, 0x85, 0x08, 0x20, 0x19, 0x70,
  0x85, 0x03, 0xA5, 0x01, 0x20, 0x24, 0x70, 0xA5, 0x08, 0x85, 0x2C, 0xA5, 0x03, 0xA4, 0x02, 0x20,
  0x19, 0xF8, 0x20, 0x48, 0x61, 0x4C, 0x2B, 0x71, 0xC9, 0x56, 0xD0, 0x22, 0x20, 0x19, 0x70, 0x85,
  0x01, 0x20, 0x19, 0x70, 0x85, 0x03, 0x20, 0x19, 0x70, 0x85, 0x08, 0x20, 0x19, 0x70, 0x85, 0x02,
  0xA5, 0x01, 0x20, 0x24, 0x70, 0x20, 0x00, 0x70, 0x20, 0x5A, 0x61, 0x4C, 0x2B, 0x71, 0xC9, 0x50,
  0xD0, 0x21, 0x20, 0x19, 0x70, 0x85, 0x01, 0x20, 0x19, 0x70, 0x85, 0x02, 0x20, 0x19, 0x70, 0x85,
  0x03, 0xA5, 0x01, 0x20, 0x24, 0x70, 0xA5, 0x03, 0xA4, 0x02, 0x20, 0x00, 0xF8, 0x20, 0xE4, 0x60,
  0x4C, 0x2B, 0x71, 0xC9, 0x54, 0xD0, 0x09, 0x20, 0x19, 0x70, 0x8D, 0x04, 0x03, 0x4C, 0x2B, 0x71,
  0xC9, 0x2A, 0xF0, 0x03, 0x4C, 0x2B, 0x71, 0x60, 0x10, 0x15, 0x20, 0x15, 0x00, 0xA9, 0x00, 0x8D,
  0xCB, 0x71, 0x8D, 0xCC, 0x71, 0xAE, 0x01, 0x03, 0xAC, 0x03, 0x03, 0xF8, 0xBD, 0xC8, 0x71, 0x18,
  0x6D, 0xCB, 0x71, 0x8D, 0xCB, 0x71, 0xAD, 0xCC, 0x71, 0x69, 0x00, 0x8D, 0xCC, 0x71, 0x88, 0xD0,
  0xEB, 0xD8, 0x60, 0x48, 0x4A, 0x4A, 0x4A, 0x4A, 0xC9, 0x00, 0xF0, 0x02, 0x85, 0x2C, 0x48, 0xA5,
  0x2C, 0xD0, 0x04, 0x68, 0x4C, 0x0E, 0x72, 0x68, 0x18, 0x69, 0xB0, 0x20, 0xED, 0xFD, 0x68, 0x29,
  0x0F, 0xC9, 0x00, 0xF0, 0x02, 0x85, 0x2C, 0x48, 0xA5, 0x2C, 0xD0, 0x02, 0x68, 0x60, 0x68, 0x18,
  0x69, 0xB0, 0x20, 0xED, 0xFD, 0x60, 0xA5, 0x2C, 0xD0, 0x05, 0xA9, 0xB0, 0x4C, 0xED, 0xFD, 0x60,
  0x68, 0x85, 0x0C, 0x68, 0x85, 0x0D, 0x20, 0x68, 0xFC, 0xE6, 0x0C, 0xD0, 0x02, 0xE6, 0x0D, 0xA0,
  0x00, 0xB1, 0x0C, 0xF0, 0x06, 0x20, 0xED, 0xFD, 0x4C, 0x39, 0x72, 0xA5, 0x0D, 0x48, 0xA5, 0x0C,
  0x48, 0x60, 0x00, 0x00, 0x00, 0x00, 0x00, 0x00, 0x00, 0x00, 0x10, 0x00, 0x00, 0x00, 0x02, 0x01,
  0x00, 0x00, 0x00, 0x10, 0x00, 0x01, 0x64, 0xF8, 0xAD, 0xCB, 0x71, 0x18, 0x6D, 0x52, 0x72, 0x8D,
  0x52, 0x72, 0xAD, 0xCC, 0x71, 0x6D, 0x53, 0x72, 0x8D, 0x53, 0x72, 0xAD, 0x54, 0x72, 0x69, 0x00,
  0x8D, 0x54, 0x72, 0xAD, 0x55, 0x72, 0x69, 0x00, 0x8D, 0x55, 0x72, 0xD8, 0x60, 0xAD, 0x55, 0x72,
  0xCD, 0x59, 0x72, 0x90, 0x38, 0xD0, 0x1E, 0xAD, 0x54, 0x72, 0xCD, 0x58, 0x72, 0x90, 0x2E, 0xD0,
  0x14, 0xAD, 0x53, 0x72, 0xCD, 0x57, 0x72, 0x90, 0x24, 0xD0, 0x0A, 0xAD, 0x52, 0x72, 0xCD, 0x56,
  0x72, 0x90, 0x1A, 0xD0, 0x00, 0xAD, 0x52, 0x72, 0x8D, 0x56, 0x72, 0xAD, 0x53, 0x72, 0x8D, 0x57,
  0x72, 0xAD, 0x54, 0x72, 0x8D, 0x58, 0x72, 0xAD, 0x55, 0x72, 0x8D, 0x59, 0x72, 0x60, 0xA9, 0x14,
  0x85, 0x25, 0xA9, 0x00, 0x85, 0x24, 0x20, 0x30, 0x72, 0xD3, 0xC3, 0xCF, 0xD2, 0xC5, 0xBA, 0xA0,
  0xA0, 0x00, 0xA9, 0x00, 0x85, 0x2C, 0xAD, 0x55, 0x72, 0x20, 0xF3, 0x71, 0xAD, 0x54, 0x72, 0x20,
  0xF3, 0x71, 0xAD, 0x53, 0x72, 0x20, 0xF3, 0x71, 0xAD, 0x52, 0x72, 0x20, 0xF3, 0x71, 0x20, 0x26,
  0x72, 0xA9, 0x14, 0x85, 0x24, 0x20, 0x30, 0x72, 0xC8, 0xC9, 0xA0, 0xD3, 0xC3, 0xCF, 0xD2, 0xC5,
  0xBA, 0xA0, 0xA0, 0x00, 0xA9, 0x00, 0x85, 0x2C, 0xAD, 0x59, 0x72, 0x20, 0xF3, 0x71, 0xAD, 0x58,
  0x72, 0x20, 0xF3, 0x71, 0xAD, 0x57, 0x72, 0x20, 0xF3, 0x71, 0xAD, 0x56, 0x72, 0x20, 0xF3, 0x71,
  0x20, 0x26, 0x72, 0xA9, 0x00, 0x85, 0x24, 0xA9, 0x15, 0x85, 0x25, 0x20, 0x30, 0x72, 0xC1, 0xD0,
  0xD0, 0xCC, 0xC5, 0xD3, 0xA0, 0xCC, 0xC5, 0xC6, 0xD4, 0xBA, 0xA0, 0xA0, 0x00, 0xA9, 0x00, 0x85,
  0x2C, 0xAD, 0x5B, 0x72, 0x20, 0xF3, 0x71, 0xAD, 0x5A, 0x72, 0x20, 0xF3, 0x71, 0x20, 0x26, 0x72,
  0xA9, 0xA0, 0x20, 0xED, 0xFD, 0xA9, 0x14, 0x85, 0x24, 0x20, 0x30, 0x72, 0xD6, 0xC1, 0xCC, 0xD5,
  0xC5, 0xBA, 0xA0, 0xA0, 0x00, 0xA9, 0x00, 0x85, 0x2C, 0xAD, 0xCC, 0x71, 0x20, 0xF3, 0x71, 0xAD,
  0xCB, 0x71, 0x20, 0xF3, 0x71, 0x20, 0x26, 0x72, 0xA9, 0x16, 0x85, 0x25, 0xA9, 0x00, 0x85, 0x24,
  0x20, 0x30, 0x72, 0xD3, 0xCE, 0xC1, 0xCB, 0xC5, 0xD3, 0xA0, 0xCC, 0xC5, 0xC6, 0xD4, 0xBA, 0xA0,
  0xA0, 0x00, 0xA9, 0x00, 0x85, 0x2C, 0x20, 0xF3, 0x71, 0xAD, 0x5E, 0x72, 0x20, 0xF3, 0x71, 0x20,
  0x26, 0x72, 0xA9, 0x14, 0x85, 0x24, 0x20, 0x30, 0x72, 0xCC, 0xC5, 0xD6, 0xC5, 0xCC, 0xBA, 0xA0,
  0xA0, 0x00, 0xA9, 0x00, 0x85, 0x2C, 0xAD, 0x65, 0x72, 0x20, 0xF3, 0x71, 0x20, 0x26, 0x72, 0xA9,
  0x00, 0x85, 0x25, 0x20, 0x68, 0xFC, 0x60, 0x01, 0xAD, 0xD7, 0x73, 0xD0, 0x0C, 0xA9, 0x01, 0x8D,
  0x02, 0x03, 0x8D, 0x01, 0x03, 0x8D, 0xD7, 0x73, 0x60, 0xA9, 0x17, 0x85, 0x25, 0xA9, 0x00, 0x85,
  0x24, 0x20, 0x30, 0x72, 0xA0, 0xA0, 0xA0, 0xA0, 0xA0, 0xA0, 0xA0, 0xA0, 0xA0, 0xA0, 0xC8, 0xCF,
  0xD7, 0xA0, 0xCD, 0xC1, 0xCE, 0xD9, 0xA0, 0xD0, 0xCC, 0xD5, 0xCD, 0xD3, 0xA0, 0xA8, 0xB0, 0xAD,
  0xB2, 0xA9, 0xBF, 0x00, 0xA9, 0xE8, 0x85, 0x02, 0xA9, 0x00, 0x85, 0x03, 0xC8, 0xD0, 0xFD, 0xAD,
  0x00, 0xC0, 0x30, 0x3D, 0xE6, 0x03, 0xD0, 0xF4, 0xAD, 0x71, 0x6C, 0xF0, 0x24, 0xAD, 0x5B, 0xC0,
  0xAD, 0x62, 0xC0, 0x30, 0x05, 0xA9, 0xB1, 0x4C, 0x61, 0x74, 0xAD, 0x5A, 0xC0, 0xAD, 0x62, 0xC0,
  0x30, 0x05, 0xA9, 0xB0, 0x4C, 0x61, 0x74, 0xAD, 0x63, 0xC0, 0x30, 0x05, 0xA9, 0xB2, 0x4C, 0x61,
  0x74, 0xE6, 0x02, 0xD0, 0xC7, 0xA9, 0x01, 0x8D, 0x02, 0x03, 0x8D, 0x01, 0x03, 0x8D, 0x10, 0xC0,
  0x60, 0x8D, 0x10, 0xC0, 0xC9, 0xC3, 0xF0, 0x17, 0xC9, 0xB0, 0x90, 0xB0, 0xC9, 0xB3, 0xB0, 0xAC,
  0x38, 0xE9, 0xB0, 0x8D, 0x01, 0x03, 0xA9, 0x00, 0x8D, 0x02, 0x03, 0x8D, 0x10, 0xC0, 0x60, 0x20,
  0x2B, 0x70, 0xAD, 0x52, 0xC0, 0x20, 0x41, 0x66, 0xA9, 0x01, 0x85, 0x25, 0x20, 0x30, 0x72, 0x8D,
  0xA0, 0xA0, 0xA0, 0xA0, 0xA0, 0xA0, 0xC1, 0xC2, 0xD3, 0xCF, 0xCC, 0xD5, 0xD4, 0xC5, 0xA0, 0xA0,
  0xA0, 0xA0, 0xA0, 0xA0, 0xA0, 0xA0, 0xA0, 0xA0, 0xA0, 0xA0, 0xD2, 0xC5, 0xCC, 0xC1, 0xD4, 0xC9,
  0xD6, 0xC5, 0x8D, 0xA0, 0xA0, 0xA0, 0xA0, 0xA0, 0xA0, 0xC4, 0xC9, 0xD2, 0xC5, 0xC3, 0xD4, 0xC9,
  0xCF, 0xCE, 0xA0, 0xA0, 0xA0, 0xA0, 0xA0, 0xA0, 0xA0, 0xA0, 0xA0, 0xA0, 0xA0, 0xC4, 0xC9, 0xD2,
  0xC5, 0xC3, 0xD4, 0xC9, 0xCF, 0xCE, 0x8D, 0x8D, 0x8D, 0x8D, 0xA0, 0xA0, 0xA0, 0xA0, 0xA0, 0xA0,
  0xA0, 0xA0, 0xA0, 0xA0, 0xE2, 0x8D, 0x8D, 0xA0, 0xA0, 0xA0, 0xA0, 0xA0, 0xA0, 0xA0, 0xA0, 0xE4,
  0xA0, 0xAB, 0xA0, 0xE5, 0xA0, 0xA0, 0xA0, 0xA0, 0xA0, 0xA0, 0xA0, 0xA0, 0xA0, 0xA0, 0xA0, 0xA0,
  0xA0, 0xA0, 0xA0, 0xE4, 0xA0, 0xA0, 0xA0, 0xE5, 0x8D, 0x8D, 0xA0, 0xA0, 0xA0, 0xA0, 0xA0, 0xA0,
  0xA0, 0xA0, 0xA0, 0xA0, 0xE3, 0x8D, 0x8D, 0x8D, 0x8D, 0x8D, 0x8D, 0x8D, 0xA0, 0xA0, 0xA0, 0xA0,
  0xA0, 0xD0, 0xD2, 0xC5, 0xD3, 0xD3, 0xA0, 0xD4, 0xC8, 0xC5, 0xA0, 0xCB, 0xC5, 0xD9, 0xA0, 0xC6,
  0xCF, 0xD2, 0xA0, 0xD4, 0xC8, 0xC9, 0xD3, 0xA0, 0xC6, 0xD5, 0xCE, 0xC3, 0xD4, 0xC9, 0xCF, 0xCE,
  0x00, 0xA2, 0x00, 0xBD, 0x63, 0x6C, 0x20, 0x90, 0x75, 0xE8, 0xE0, 0x06, 0xD0, 0xF5, 0xA9, 0x0C,
  0x85, 0x01, 0xA9, 0x02, 0x85, 0x00, 0xA9, 0x12, 0x85, 0x03, 0xA9, 0x1E, 0x85, 0x02, 0x20, 0xE4,
  0x60, 0xA9, 0x13, 0x85, 0x03, 0xA9, 0x1D, 0x85, 0x08, 0xA9, 0x0A, 0x85, 0x00, 0x20, 0x5A, 0x61,
  0xA9, 0x0E, 0x85, 0x00, 0x20, 0xE4, 0x60, 0xA2, 0x00, 0x20, 0xD1, 0x75, 0x9D, 0x63, 0x6C, 0x20,
  0x90, 0x75, 0xE8, 0xE0, 0x06, 0xD0, 0xF2, 0xA9, 0xF0, 0x85, 0x36, 0xA9, 0xFD, 0x85, 0x37, 0x60,
  0x86, 0x02, 0xC9, 0x88, 0xD0, 0x02, 0xA9, 0xE6, 0xC9, 0x95, 0xD0, 0x02, 0xA9, 0xE7, 0x48, 0xBD,
  0xB3, 0x75, 0x85, 0x24, 0xBD, 0xB9, 0x75, 0x85, 0x25, 0x20, 0x68, 0xFC, 0x68, 0x20, 0xED, 0xFD,
  0xA6, 0x02, 0x60, 0x0A, 0x06, 0x0E, 0x0A, 0x1A, 0x22, 0x05, 0x09, 0x09, 0x0D, 0x09, 0x09, 0x0A,
  0x08, 0x0C, 0x0A, 0x1C, 0x20, 0x07, 0x09, 0x09, 0x0B, 0x09, 0x09, 0xE2, 0xE4, 0xE5, 0xE3, 0xE4,
  0xE5, 0x86, 0x02, 0xBD, 0xBF, 0x75, 0x85, 0x24, 0xBD, 0xC5, 0x75, 0x85, 0x25, 0x20, 0x68, 0xFC,
  0xA6, 0x02, 0xA9, 0xA0, 0x20, 0xED, 0xFD, 0xA0, 0x00, 0xCA, 0xD0, 0xFD, 0xA9, 0x41, 0xF0, 0x1C,
  0x88, 0xD0, 0xF6, 0xA6, 0x02, 0xBD, 0xBF, 0x75, 0x85, 0x24, 0xBD, 0xC5, 0x75, 0x85, 0x25, 0x20,
  0x68, 0xFC, 0xA6, 0x02, 0xBD, 0xCB, 0x75, 0x20, 0xED, 0xFD, 0xA0, 0x00, 0xCA, 0xD0, 0xFD, 0xAD,
  0x00, 0xC0, 0x30, 0x08, 0x88, 0xD0, 0xF5, 0xA6, 0x02, 0x4C, 0xD1, 0x75, 0x8D, 0x10, 0xC0, 0xC9,
  0xA1, 0xB0, 0x0D, 0xC9, 0x88, 0xF0, 0x09, 0xC9, 0x95, 0xF0, 0x05, 0xA6, 0x02, 0x4C, 0xD1, 0x75,
  0xA6, 0x02, 0x60, 0xF8, 0xAD, 0x5E, 0x72, 0x18, 0x69, 0x01, 0x8D, 0x5E, 0x72, 0xD8, 0x20, 0xA9,
  0x64, 0x60, 0x20, 0x4B, 0x6C, 0x85, 0x02, 0x20, 0x4B, 0x6C, 0x85, 0x03, 0xA5, 0x03, 0xA4, 0x02,
  0x20, 0x71, 0xF8, 0xD0, 0xED, 0xA9, 0x0F, 0x20, 0x64, 0xF8, 0xA5, 0x03, 0xA4, 0x02, 0x20, 0x00,
  0xF8, 0xA9, 0x01, 0x85, 0x00, 0xA9, 0x09, 0x85, 0x01, 0x20, 0xE4, 0x60, 0xF8, 0xAD, 0x5F, 0x72,
  0x18, 0x69, 0x01, 0x8D, 0x5F, 0x72, 0xAD, 0x60, 0x72, 0x69, 0x00, 0x8D, 0x60, 0x72, 0xD8, 0x60,
  0xA9, 0xF0, 0x85, 0x36, 0xA9, 0xFD, 0x85, 0x37, 0x1A, 0x5A, 0x3A, 0x5A, 0x1A, 0x5A, 0x20, 0x80,
  0x7A, 0x20, 0x80, 0x79, 0x20, 0x8D, 0x72, 0xA9, 0x01, 0x8D, 0x03, 0x03, 0x8D, 0x65, 0x72, 0xA9,
  0x00, 0x8D, 0x52, 0x72, 0x8D, 0x53, 0x72, 0x8D, 0x54, 0x72, 0x8D, 0x55, 0x72, 0xA9, 0x02, 0x8D,
  0x5E, 0x72, 0xA9, 0x00, 0x8D, 0x5F, 0x72, 0xAD, 0x5E, 0x72, 0x8D, 0xB2, 0x78, 0xA9, 0x10, 0x8D,
  0x63, 0x72, 0xA9, 0x00, 0x8D, 0x64, 0x72, 0xA9, 0x00, 0x8D, 0x5F, 0x72, 0x8D, 0x60, 0x72, 0x8D,
  0x61, 0x72, 0x8D, 0x62, 0x72, 0xAD, 0x63, 0x72, 0x8D, 0x5A, 0x72, 0xAD, 0x64, 0x72, 0x8D, 0x5B,
  0x72, 0x20, 0x45, 0x70, 0xAD, 0x04, 0x03, 0x8D, 0x66, 0x72, 0x20, 0xCD, 0x71, 0xAD, 0x54, 0xC0,
  0xAD, 0x53, 0xC0, 0x20, 0x42, 0x76, 0x20, 0xE4, 0x60, 0xA9, 0x52, 0x8D, 0x00, 0x03, 0xA9, 0x00,
  0x8D, 0x05, 0x03, 0xAD, 0x66, 0x72, 0x8D, 0x55, 0x62, 0xA9, 0x14, 0x85, 0x22, 0x20, 0x58, 0xFC,
  0x20, 0xCE, 0x72, 0x20, 0x56, 0x62, 0x4C, 0x39, 0x77, 0xAD, 0x66, 0x72, 0x8D, 0x55, 0x62, 0xA9,
  0x14, 0x85, 0x22, 0x20, 0x58, 0xFC, 0x20, 0xCE, 0x72, 0xAD, 0x00, 0x03, 0xC9, 0x03, 0x90, 0x06,
  0x38, 0xE9, 0x02, 0x8D, 0x00, 0x03, 0x20, 0x88, 0x62, 0xAD, 0x53, 0x62, 0xC9, 0x0F, 0xF0, 0x03,
  0x4C, 0xE6, 0x77, 0xF8, 0xAD, 0x5F, 0x72, 0x38, 0xE9, 0x01, 0x8D, 0x5F, 0x72, 0xAD, 0x60, 0x72,
  0xE9, 0x00, 0x8D, 0x60, 0x72, 0xAD, 0x5A, 0x72, 0x38, 0xE9, 0x01, 0x8D, 0x5A, 0x72, 0xAD, 0x5B,
  0x72, 0xE9, 0x00, 0x8D, 0x5B, 0x72, 0xAD, 0x61, 0x72, 0x18, 0x69, 0x01, 0x8D, 0x61, 0x72, 0xAD,
  0x62, 0x72, 0x69, 0x00, 0x8D, 0x62, 0x72, 0xD8, 0xAD, 0x62, 0x72, 0xD0, 0x0A, 0xAD, 0x61, 0x72,
  0xC9, 0x11, 0xB0, 0x03, 0x20, 0x67, 0x72, 0xAD, 0x54, 0x62, 0x18, 0x69, 0x0A, 0x8D, 0x54, 0x62,
  0xAD, 0x5A, 0x72, 0xD0, 0x3B, 0xAD, 0x5B, 0x72, 0xD0, 0x36, 0xA9, 0x06, 0x85, 0x01, 0xA9, 0x00,
  0x85, 0x03, 0xA9, 0x12, 0x85, 0x02, 0xA9, 0x16, 0x85, 0x08, 0xA9, 0x15, 0x85, 0x00, 0x20, 0x48,
  0x61, 0xA9, 0x00, 0x85, 0x01, 0xA9, 0x14, 0x85, 0x02, 0x20, 0xE4, 0x60, 0xA9, 0xFF, 0x8D, 0x66,
  0x72, 0xA9, 0x00, 0x20, 0x64, 0xF8, 0xA9, 0x00, 0xA0, 0x14, 0x20, 0x00, 0xF8, 0x4C, 0x19, 0x77,
  0xAD, 0x5F, 0x72, 0xF0, 0x03, 0x4C, 0x19, 0x77, 0xAD, 0x60, 0x72, 0xF0, 0x03, 0x4C, 0x19, 0x77,
  0x20, 0x42, 0x76, 0x4C, 0x19, 0x77, 0xC9, 0x00, 0xD0, 0x1F, 0xF8, 0x18, 0xAD, 0x65, 0x72, 0x69,
  0x01, 0x8D, 0x65, 0x72, 0xD8, 0xEE, 0x03, 0x03, 0xAD, 0x5E, 0x72, 0xCD, 0xB2, 0x78, 0xD0, 0x03,
  0x20, 0xB3, 0x78, 0x20, 0x33, 0x76, 0x4C, 0xB7, 0x76, 0xC9, 0xFE, 0xD0, 0x3A, 0xAD, 0x5B, 0x72,
  0xD0, 0x05, 0xAD, 0x5A, 0x72, 0xF0, 0x30, 0xF8, 0xAD, 0x63, 0x72, 0x18, 0x69, 0x03, 0x8D, 0x63,
  0x72, 0xAD, 0x64, 0x72, 0x69, 0x00, 0x8D, 0x64, 0x72, 0xAD, 0x5A, 0x72, 0x18, 0x69, 0x03, 0x8D,
  0x5A, 0x72, 0xAD, 0x5B, 0x72, 0x69, 0x00, 0x8D, 0x5B, 0x72, 0xD8, 0x20, 0x42, 0x76, 0x20, 0x42,
  0x76, 0x20, 0x42, 0x76, 0x4C, 0x19, 0x77, 0xAD, 0x53, 0x62, 0xC9, 0xFF, 0xD0, 0x03, 0x4C, 0x91,
  0x76, 0xC9, 0xFE, 0xD0, 0x03, 0x4C, 0x19, 0x77, 0xAD, 0x02, 0x03, 0xD0, 0x3D, 0xA9, 0x17, 0x85,
  0x25, 0xA9, 0x00, 0x85, 0x24, 0x20, 0x30, 0x72, 0x03, 0x12, 0x01, 0x13, 0x08, 0xA0, 0xD0, 0xD2,
  0xC5, 0xD3, 0xD3, 0xA0, 0xD3, 0xD0, 0xC1, 0xC3, 0xC5, 0xA0, 0xD4, 0xCF, 0xA0, 0xC3, 0xCF, 0xCE,
  0xD4, 0xC9, 0xCE, 0xD5, 0xC5, 0x00, 0xAD, 0x71, 0x6C, 0xF0, 0x05, 0xAD, 0x61, 0xC0, 0x10, 0x0A,
  0xAD, 0x00, 0xC0, 0xC9, 0xA0, 0xD0, 0xEF, 0x8D, 0x10, 0xC0, 0xAD, 0x5E, 0x72, 0xD0, 0x03, 0x4C,
  0x91, 0x76, 0xF8, 0xAD, 0x5E, 0x72, 0x38, 0xE9, 0x01, 0x8D, 0x5E, 0x72, 0xD8, 0x4C, 0xC7, 0x76,
  0x00, 0x00, 0x02, 0xF8, 0x18, 0xAD, 0xCB, 0x71, 0x6D, 0xCB, 0x71, 0x8D, 0xB0, 0x78, 0xAD, 0xCC,
  0x71, 0x6D, 0xCC, 0x71, 0x8D, 0xB1, 0x78, 0xD8, 0x20, 0x67, 0x72, 0x20, 0x67, 0x72, 0x20, 0xCE,
  0x72, 0xA9, 0x01, 0x85, 0x00, 0xA9, 0x09, 0x85, 0x01, 0xA9, 0x0D, 0x85, 0x02, 0xA9, 0x10, 0x85,
  0x03, 0xA9, 0x1A, 0x85, 0x08, 0x20, 0x48, 0x61, 0xA9, 0x0D, 0x85, 0x02, 0xA9, 0x15, 0x85, 0x03,
  0x20, 0x48, 0x61, 0xA9, 0x10, 0x85, 0x03, 0xA9, 0x15, 0x85, 0x08, 0x20, 0x5A, 0x61, 0xA9, 0x0D,
  0x85, 0x02, 0xA9, 0x10, 0x85, 0x03, 0x20, 0x5A, 0x61, 0xA9, 0x00, 0x85, 0x01, 0xA9, 0x19, 0x85,
  0x08, 0xA9, 0x11, 0x85, 0x03, 0xA9, 0x0E, 0x85, 0x02, 0x20, 0x48, 0x61, 0xA9, 0x0E, 0x85, 0x02,
  0xE6, 0x03, 0x20, 0x48, 0x61, 0xA9, 0x0E, 0x85, 0x02, 0xE6, 0x03, 0x20, 0x48, 0x61, 0xA9, 0x0E,
  0x85, 0x02, 0xE6, 0x03, 0x20, 0x48, 0x61, 0xA9, 0x0F, 0x85, 0x24, 0xA9, 0x09, 0x85, 0x25, 0x20,
  0x41, 0x66, 0x20, 0x30, 0x72, 0xC2, 0xCF, 0xCE, 0xD5, 0xD3, 0xBA, 0xA0, 0x00, 0xA9, 0x00, 0x85,
  0x2C, 0xAD, 0xB1, 0x78, 0x20, 0xF3, 0x71, 0xAD, 0xB0, 0x78, 0x20, 0xF3, 0x71, 0xA9, 0xF0, 0x85,
  0x36, 0xA9, 0xFD, 0x85, 0x37, 0xA9, 0x20, 0x85, 0x02, 0xA2, 0x80, 0x8A, 0xA8, 0x88, 0xD0, 0xFD,
  0xAC, 0x49, 0x6C, 0xB9, 0x00, 0xC0, 0xCA, 0xD0, 0xF2, 0xC6, 0x02, 0xD0, 0xEC, 0x60, 0x00, 0x00,
  0xA5, 0x0F, 0xC9, 0x1F, 0xB0, 0x04, 0xC9, 0x18, 0xB0, 0x06, 0xA5, 0x0E, 0x29, 0xDE, 0x85, 0x0E,
  0xA5, 0x0F, 0x29, 0x1F, 0x09, 0x18, 0x85, 0x0F, 0x4C, 0xD8, 0x73, 0x00, 0x00, 0x00, 0x00, 0x00,
  0x00, 0x00, 0x00, 0x00, 0x00, 0x00, 0x00, 0x00, 0x00, 0x00, 0x00, 0x00, 0x00, 0x00, 0x00, 0x00,
  0x00, 0x00, 0x00, 0x00, 0x00, 0x00, 0x00, 0x00, 0x00, 0x00, 0x00, 0x00, 0x00, 0x00, 0x00, 0x00,
  0x00, 0x00, 0x00, 0x00, 0x00, 0x00, 0x00, 0x00, 0x00, 0x00, 0x00, 0x00, 0x00, 0x00, 0x00, 0x00,
  0x00, 0x00, 0x00, 0x00, 0x00, 0x00, 0x00, 0x00, 0x00, 0x00, 0x00, 0x00, 0x00, 0x00, 0x00, 0x00,
  0x00, 0x00, 0x00, 0x00, 0x00, 0x00, 0x00, 0x00, 0x00, 0x00, 0x00, 0x00, 0x00, 0x00, 0x00, 0x00,
  0x00, 0x00, 0x00, 0x00, 0x00, 0x00, 0x00, 0x00, 0x00, 0x00, 0x00, 0x00, 0x00, 0x00, 0x00, 0x00,
  0xA9, 0x2B, 0x8D, 0x46, 0x70, 0xA9, 0x70, 0x8D, 0x47, 0x70, 0xAD, 0x81, 0xC0, 0xAD, 0x81, 0xC0,
  0xA9, 0x40, 0x8D, 0xFC, 0xFF, 0x8D, 0xF2, 0x03, 0xA9, 0x7A, 0x8D, 0xFD, 0xFF, 0x8D, 0xF3, 0x03,
  0x49, 0xA5, 0x8D, 0xF4, 0x03, 0xAD, 0x80, 0xC0, 0xAD, 0x55, 0xC0, 0x20, 0x2B, 0x70, 0xA9, 0x20,
  0x8D, 0x8E, 0x76, 0x60, 0x00, 0x00, 0x00, 0x00, 0x00, 0x00, 0x00, 0x00, 0x00, 0x00, 0x00, 0x00,
  0xA0, 0x00, 0x84, 0x00, 0xA9, 0x18, 0x85, 0x01, 0x98, 0xA2, 0x61, 0x91, 0x00, 0xC8, 0xD0, 0xFB,
  0xE6, 0x01, 0xCA, 0xD0, 0xF6, 0x20, 0xDD, 0xFB, 0xA5, 0x2B, 0x4A, 0x4A, 0x4A, 0x4A, 0x09, 0xC0,
  0x38, 0xE9, 0x01, 0x48, 0xA9, 0xFF, 0x48, 0x60, 0x00, 0x00, 0x00, 0x00, 0x00, 0x00, 0x00, 0x00,
  0x00, 0x00, 0x00, 0x00, 0x00, 0x00, 0x00, 0x00, 0x00, 0x00, 0x00, 0x00, 0x00, 0x00, 0x00, 0x00,
  0xA6, 0x2B, 0xBD, 0x89, 0xC0, 0xA9, 0x00, 0x20, 0xA8, 0xFC, 0xA9, 0x25, 0x20, 0xA0, 0x7A, 0x20,
  0x40, 0x7B, 0xBD, 0x88, 0xC0, 0x20, 0x2B, 0x70, 0x60, 0x00, 0x00, 0x00, 0x00, 0x00, 0x00, 0x00,
  0x86, 0x2B, 0x85, 0x2A, 0xCD, 0x2F, 0x7B, 0xF0, 0x53, 0xA9, 0x00, 0x85, 0x26, 0xAD, 0x2F, 0x7B,
  0x85, 0x27, 0x38, 0xE5, 0x2A, 0xF0, 0x33, 0xB0, 0x07, 0x49, 0xFF, 0xEE, 0x2F, 0x7B, 0x90, 0x05,
  0x69, 0xFE, 0xCE, 0x2F, 0x7B, 0xC5, 0x26, 0x90, 0x02, 0xA5, 0x26, 0xC9, 0x0C, 0xB0, 0x01, 0xA8,
  0x38, 0x20, 0xEE, 0x7A, 0xB9, 0x11, 0x7B, 0x20, 0x00, 0x7B, 0xA5, 0x27, 0x18, 0x20, 0xF1, 0x7A,
  0xB9, 0x1D, 0x7B, 0x20, 0x00, 0x7B, 0xE6, 0x26, 0xD0, 0xC3, 0x20, 0x00, 0x7B, 0x18, 0xAD, 0x2F,
  0x7B, 0x29, 0x03, 0x2A, 0x05, 0x2B, 0xAA, 0xBD, 0x80, 0xC0, 0xA6, 0x2B, 0x60, 0xAA, 0xA0, 0xA0,
  0xA2, 0x11, 0xCA, 0xD0, 0xFD, 0xE6, 0x46, 0xD0, 0x02, 0xE6, 0x47, 0x38, 0xE9, 0x01, 0xD0, 0xF0,
  0x60, 0x01, 0x30, 0x28, 0x24, 0x20, 0x1E, 0x1D, 0x1C, 0x1C, 0x1C, 0x1C, 0x1C, 0x70, 0x2C, 0x26,
  0x22, 0x1F, 0x1E, 0x1D, 0x1C, 0x1C, 0x1C, 0x1C, 0x1C, 0x00, 0x00, 0x00, 0x00, 0x00, 0x00, 0x15,
  0x00, 0x00, 0x00, 0x00, 0x00, 0x00, 0x00, 0x00, 0x00, 0x00, 0x00, 0x00, 0x00, 0x00, 0x00, 0x00,
  0xBD, 0x8C, 0xC0, 0x10, 0xFB, 0xC9, 0xA5, 0xD0, 0xF7, 0xBD, 0x8C, 0xC0, 0x10, 0xFB, 0xC9, 0xB5,
  0xD0, 0xF3, 0xBD, 0x8C, 0xC0, 0x10, 0xFB, 0xC9, 0xD5, 0xD0, 0xEA, 0x60, 0x00, 0x00, 0x00, 0x00,
  0x00, 0x00, 0x00, 0x00, 0x00, 0x00, 0x00, 0x00, 0x00, 0x00, 0x00, 0x00, 0x00, 0x00, 0x00, 0x00,
  0x00, 0x00, 0x00, 0x00, 0x00, 0x00, 0x00, 0x00, 0x00, 0x00, 0x00, 0x00, 0x00, 0x00, 0x00, 0x00,
  0x00, 0x00, 0x00, 0x00, 0x00, 0x00, 0x00, 0x00, 0x00, 0x00, 0x00, 0x00, 0x00, 0x00, 0x00, 0x00,
  0x00, 0x00, 0x00, 0x00, 0x00, 0x00, 0x00, 0x00, 0x00, 0x00, 0x00, 0x00, 0x00, 0x00, 0x00, 0x00,
  0x00, 0x00, 0x00, 0x00, 0x00, 0x00, 0x00, 0x00, 0x00, 0x00, 0x00, 0x00, 0x00, 0x00, 0x00, 0x00,
  0x00, 0x00, 0x00, 0x00, 0x00, 0x00, 0x00, 0x00, 0x00, 0x00, 0x00, 0x00, 0x00, 0x00, 0x00, 0x00,
  0x00, 0x00, 0x00, 0x00, 0x00, 0x00, 0x00, 0x00, 0x00, 0x00, 0x00, 0x00, 0x00, 0x00, 0x00, 0x00,
  0x00, 0x00, 0x00, 0x00, 0x00, 0x00, 0x00, 0x00, 0x00, 0x00, 0x00, 0x00, 0x00, 0x00, 0x00, 0x00,
  0x00, 0x00, 0x00, 0x00, 0x00, 0x00, 0x00, 0x00, 0x00, 0x00, 0x00, 0x00, 0x00, 0x00, 0x00, 0x00,
  0x00, 0x00, 0x00, 0x00, 0x00, 0x00, 0x00, 0x00, 0x00, 0x00, 0x00, 0x00, 0x00, 0x00, 0x00, 0x00,
  0x00, 0x00, 0x00, 0x00, 0x00, 0x00, 0x00, 0x00, 0x00, 0x00, 0x00, 0x00, 0x00, 0x00, 0x00, 0x00,
  0x00, 0x00, 0x00, 0x00, 0x00, 0x00, 0x00, 0x00, 0x00, 0x00, 0x00, 0x00, 0x00, 0x00, 0x00, 0x00,
  0x00, 0x00, 0x00, 0x00, 0x00, 0x00, 0x00, 0x00, 0x00, 0x00, 0x00, 0x00, 0x00, 0x00, 0x00, 0x00,
  0x00, 0x00, 0x00, 0x00, 0x00, 0x00, 0x00, 0x00, 0x00, 0x00, 0x00, 0x00, 0x00, 0x00, 0x00, 0x00,
  0x00, 0x00, 0x00, 0x00, 0x00, 0x00, 0x00, 0x00, 0x00, 0x00, 0x00, 0x00, 0x00, 0x00, 0x00, 0x00,
  0x00, 0x00, 0x00, 0x00, 0x00, 0x00, 0x00, 0x00, 0x00, 0x00, 0x00, 0x00, 0x00, 0x00, 0x00, 0x00,
  0x00, 0x00, 0x00, 0x00, 0x00, 0x00, 0x00, 0x00, 0x00, 0x00, 0x00, 0x00, 0x00, 0x00, 0x00, 0x00,
  0x00, 0x00, 0x00, 0x00, 0x00, 0x00, 0x00, 0x00, 0x00, 0x00, 0x00, 0x00, 0x00, 0x00, 0x00, 0x00,
  0x00, 0x00, 0x00, 0x00, 0x00, 0x00, 0x00, 0x00, 0x00, 0x00, 0x00, 0x00, 0x00, 0x00, 0x00, 0x00,
  0x00, 0x00, 0x00, 0x00, 0x00, 0x00, 0x00, 0x00, 0x00, 0x00, 0x00, 0x00, 0x00, 0x00, 0x00, 0x00,
  0x00, 0x00, 0x00, 0x00, 0x00, 0x00, 0x00, 0x00, 0x00, 0x00, 0x00, 0x00, 0x00, 0x00, 0x00, 0x00,
  0x00, 0x00, 0x00, 0x00, 0x00, 0x00, 0x00, 0x00, 0x00, 0x00, 0x00, 0x00, 0x00, 0x00, 0x00, 0x00,
  0x00, 0x00, 0x00, 0x00, 0x00, 0x00, 0x00, 0x00, 0x00, 0x00, 0x00, 0x00, 0x00, 0x00, 0x00, 0x00,
  0x00, 0x00, 0x00, 0x00, 0x00, 0x00, 0x00, 0x00, 0x00, 0x00, 0x00, 0x00, 0x00, 0x00, 0x00, 0x00,
  0x00, 0x00, 0x00, 0x00, 0x00, 0x00, 0x00, 0x00, 0x00, 0x00, 0x00, 0x00, 0x00, 0x00, 0x00, 0x00,
  0x00, 0x00, 0x00, 0x00, 0x00, 0x00, 0x00, 0x00, 0x00, 0x00, 0x00, 0x00, 0x00, 0x00, 0x00, 0x00,
  0x00, 0x00, 0x00, 0x00, 0x00, 0x00, 0x00, 0x00, 0x00, 0x00, 0x00, 0x00, 0x00, 0x00, 0x00, 0x00,
  0x00, 0x00, 0x00, 0x00, 0x00, 0x00, 0x00, 0x00, 0x00, 0x00, 0x00, 0x00, 0x00, 0x00, 0x00, 0x00,
  0x00, 0x00, 0x00, 0x00, 0x00, 0x00, 0x00, 0x00, 0x00, 0x00, 0x00, 0x00, 0x00, 0x00, 0x00, 0x00,
  0x00, 0x00, 0x00, 0x00, 0x00, 0x00, 0x00, 0x00, 0x00, 0x00, 0x00, 0x00, 0x00, 0x00, 0x00, 0x00,
  0x00, 0x00, 0x00, 0x00, 0x00, 0x00, 0x00, 0x00, 0x00, 0x00, 0x00, 0x00, 0x00, 0x00, 0x00, 0x00,
  0x00, 0x00, 0x00, 0x00, 0x00, 0x00, 0x00, 0x00, 0x00, 0x00, 0x00, 0x00, 0x00, 0x00, 0x00, 0x00,
  0x00, 0x00, 0x00, 0x00, 0x00, 0x00, 0x00, 0x00, 0x00, 0x00, 0x00, 0x00, 0x00, 0x00, 0x00, 0x00,
  0x00, 0x00, 0x00, 0x00, 0x00, 0x00, 0x00, 0x00, 0x00, 0x00, 0x00, 0x00, 0x00, 0x00, 0x00, 0x00,
  0x00, 0x00, 0x00, 0x00, 0x00, 0x00, 0x00, 0x00, 0x00, 0x00, 0x00, 0x00, 0x00, 0x00, 0x00, 0x00,
  0x00, 0x00, 0x00, 0x00, 0x00, 0x00, 0x00, 0x00, 0x00, 0x00, 0x00, 0x00, 0x00, 0x00, 0x00, 0x00,
  0x00, 0x00, 0x00, 0x00, 0x00, 0x00, 0x00, 0x00, 0x00, 0x00, 0x00, 0x00, 0x00, 0x00, 0x00, 0x00,
  0x00, 0x00, 0x00, 0x00, 0x00, 0x00, 0x00, 0x00, 0x00, 0x00, 0x00, 0x00, 0x00, 0x00, 0x00, 0x00,
  0x00, 0x00, 0x00, 0x00, 0x00, 0x00, 0x00, 0x00, 0x00, 0x00, 0x00, 0x00, 0x00, 0x00, 0x00, 0x00,
  0x00, 0x00, 0x00, 0x00, 0x00, 0x00, 0x00, 0x00, 0x00, 0x00, 0x00, 0x00, 0x00, 0x00, 0x00, 0x00,
  0x00, 0x00, 0x00, 0x00, 0x00, 0x00, 0x00, 0x00, 0x00, 0x00, 0x00, 0x00, 0x00, 0x00, 0x00, 0x00,
  0x00, 0x00, 0x00, 0x00, 0x00, 0x00, 0x00, 0x00, 0x00, 0x00, 0x00, 0x00, 0x00, 0x00, 0x00, 0x00,
  0x00, 0x00, 0x00, 0x00, 0x00, 0x00, 0x00, 0x00, 0x00, 0x00, 0x00, 0x00, 0x00, 0x00, 0x00, 0x00,
  0x00, 0x00, 0x00, 0x00, 0x00, 0x00, 0x00, 0x00, 0x00, 0x00, 0x00, 0x00, 0x00, 0x00, 0x00, 0x00,
  0x00, 0x00, 0x00, 0x00, 0x00, 0x00, 0x00, 0x00, 0x00, 0x00, 0x00, 0x00, 0x00, 0x00, 0x00, 0x00,
  0x00, 0x00, 0x00, 0x00, 0x00, 0x00, 0x00, 0x00, 0x00, 0x00, 0x00, 0x00, 0x00, 0x00, 0x00, 0x00,
  0x00, 0x00, 0x00, 0x00, 0x00, 0x00, 0x00, 0x00, 0x00, 0x00, 0x00, 0x00, 0x00, 0x00, 0x00, 0x00,
  0x00, 0x00, 0x00, 0x00, 0x00, 0x00, 0x00, 0x00, 0x00, 0x00, 0x00, 0x00, 0x00, 0x00, 0x00, 0x00,
  0x00, 0x00, 0x00, 0x00, 0x00, 0x00, 0x00, 0x00, 0x00, 0x00, 0x00, 0x00, 0x00, 0x00, 0x00, 0x00,
  0x00, 0x00, 0x00, 0x00, 0x00, 0x00, 0x00, 0x00, 0x00, 0x00, 0x00, 0x00, 0x00, 0x00, 0x00, 0x00,
  0x00, 0x00, 0x00, 0x00, 0x00, 0x00, 0x00, 0x00, 0x00, 0x00, 0x00, 0x00, 0x00, 0x00, 0x00, 0x00,
  0x00, 0x00, 0x00, 0x00, 0x00, 0x00, 0x00, 0x00, 0x00, 0x00, 0x00, 0x00, 0x00, 0x00, 0x00, 0x00,
  0x00, 0x00, 0x00, 0x00, 0x00, 0x00, 0x00, 0x00, 0x00, 0x00, 0x00, 0x00, 0x00, 0x00, 0x00, 0x00,
  0x00, 0x00, 0x00, 0x00, 0x00, 0x00, 0x00, 0x00, 0x00, 0x00, 0x00, 0x00, 0x00, 0x00, 0x00, 0x00,
  0x00, 0x00, 0x00, 0x00, 0x00, 0x00, 0x00, 0x00, 0x00, 0x00, 0x00, 0x00, 0x00, 0x00, 0x00, 0x00,
  0x00, 0x00, 0x00, 0x00, 0x00, 0x00, 0x00, 0x00, 0x00, 0x00, 0x00, 0x00, 0x00, 0x00, 0x00, 0x00,
  0x00, 0x00, 0x00, 0x00, 0x00, 0x00, 0x00, 0x00, 0x00, 0x00, 0x00, 0x00, 0x00, 0x00, 0x00, 0x00,
  0x00, 0x00, 0x00, 0x00, 0x00, 0x00, 0x00, 0x00, 0x00, 0x00, 0x00, 0x00, 0x00, 0x00, 0x00, 0x00,
  0x00, 0x00, 0x00, 0x00, 0x00, 0x00, 0x00, 0x00, 0x00, 0x00, 0x00, 0x00, 0x00, 0x00, 0x00, 0x00,
  0x00, 0x00, 0x00, 0x00, 0x00, 0x00, 0x00, 0x00, 0x00, 0x00, 0x00, 0x00, 0x00, 0x00, 0x00, 0x00,
  0x00, 0x00, 0x00, 0x00, 0x00, 0x00, 0x00, 0x00, 0x00, 0x00, 0x00, 0x00, 0x00, 0x00, 0x00, 0x00,
  0x00, 0x00, 0x00, 0x00, 0x00, 0x00, 0x00, 0x00, 0x00, 0x00, 0x00, 0x00, 0x00, 0x00, 0x00, 0x00,
  0x00, 0x00, 0x00, 0x00, 0x00, 0x00, 0x00, 0x00, 0x00, 0x00, 0x00, 0x00, 0x00, 0x00, 0x00, 0x00,
  0x00, 0x00, 0x00, 0x00, 0x00, 0x00, 0x00, 0x00, 0x00, 0x00, 0x00, 0x00, 0x00, 0x00, 0x00, 0x00,
  0x00, 0x00, 0x00, 0x00, 0x00, 0x00, 0x00, 0x00, 0x00, 0x00, 0x00, 0x00, 0x00, 0x00, 0x00, 0x00,
  0x00, 0x00, 0x00, 0x00, 0x00, 0x00, 0x00, 0x00, 0x00, 0x00, 0x00, 0x00, 0x00, 0x00, 0x00, 0x00,
  0x00, 0x00, 0x00, 0x00, 0x00, 0x00, 0x00, 0x00, 0x00, 0x00, 0x00, 0x00, 0x00, 0x00, 0x00, 0x00,
  0x00, 0x00, 0x00, 0x00, 0x00, 0x00, 0x00, 0x00, 0x00, 0x00, 0x00, 0x00, 0x00, 0x00, 0x00, 0x00,
  0x00, 0x00, 0x00, 0x00, 0x00, 0x00, 0x00, 0x00, 0x00, 0x00, 0x00, 0x00, 0x00, 0x00, 0x00, 0x00,
  0x00, 0x00, 0x00, 0x00, 0x00, 0x00, 0x00, 0x00, 0x00, 0x00, 0x00, 0x00, 0x00, 0x00, 0x00, 0x00,
  0x00, 0x00, 0x00, 0x00, 0x00, 0x00, 0x00, 0x00, 0x00, 0x00, 0x00, 0x00, 0x00, 0x00, 0x00, 0x00,
  0x00, 0x00, 0x00, 0x00, 0x00, 0x00, 0x00, 0x00, 0x00, 0x00, 0x00, 0x00, 0x00, 0x00, 0x00, 0x00,
  0x00, 0x00, 0x00, 0x00, 0x00, 0x00, 0x00, 0x00, 0x00, 0x00, 0x00, 0x00, 0x00, 0x00, 0x00, 0x00,
  0x00, 0x00, 0x00, 0x00, 0x00, 0x00, 0x00, 0x00, 0x00, 0x00, 0x00, 0x00, 0x00, 0x00, 0x00, 0x00,
  0x54, 0x64, 0x2A, 0x48, 0x0D, 0x0A, 0x1E, 0x14, 0x2A, 0x48, 0x0B, 0x0A, 0x1E, 0x14, 0x56, 0x0B,
  0x0A, 0x1E, 0x14, 0x2A, 0x48, 0x0F, 0x0A, 0x1E, 0x0A, 0x48, 0x0F, 0x0A, 0x1E, 0x14, 0x48, 0x0F,
  0x0A, 0x1E, 0x1E, 0x56, 0x0F, 0x0A, 0x1E, 0x0A, 0x2A, 0x56, 0x0E, 0x0A, 0x1E, 0x0A, 0x56, 0x0E,
  0x0A, 0x1E, 0x14, 0x56, 0x0E, 0x0A, 0x1E, 0x1E, 0x48, 0x0E, 0x0A, 0x1E, 0x14, 0x2A, 0x56, 0x08,
  0x0A, 0x1E, 0x0A, 0x56, 0x08, 0x0A, 0x1E, 0x1E, 0x48, 0x08, 0x0A, 0x1E, 0x1E, 0x48, 0x08, 0x0A,
  0x13, 0x0A, 0x48, 0x08, 0x16, 0x1E, 0x0A, 0x2A, 0x56, 0x01, 0x0A, 0x1E, 0x0A, 0x56, 0x01, 0x0A,
  0x1E, 0x1E, 0x48, 0x01, 0x0A, 0x19, 0x14, 0x48, 0x01, 0x0F, 0x1E, 0x0A, 0x48, 0x01, 0x0F, 0x1E,
  0x1E, 0x2A, 0x48, 0x05, 0x01, 0x12, 0x13, 0x48, 0x05, 0x15, 0x26, 0x14, 0x2A, 0x56, 0x0E, 0x0A,
  0x1E, 0x05, 0x56, 0x0E, 0x0A, 0x1E, 0x0A, 0x56, 0x0E, 0x0A, 0x1E, 0x0F, 0x56, 0x0E, 0x0A, 0x1E,
  0x14, 0x56, 0x0E, 0x0A, 0x1E, 0x19, 0x56, 0x0E, 0x0A, 0x1E, 0x1E, 0x56, 0x0E, 0x0A, 0x1E, 0x23,
  0x2A, 0x56, 0x02, 0x0A, 0x1E, 0x0A, 0x48, 0x02, 0x0A, 0x19, 0x0A, 0x48, 0x02, 0x0A, 0x19, 0x14,
  0x48, 0x02, 0x0A, 0x19, 0x1E, 0x56, 0x04, 0x0A, 0x1E, 0x1E, 0x48, 0x04, 0x0F, 0x1E, 0x0F, 0x48,
  0x04, 0x0F, 0x1E, 0x19, 0x2A, 0x48, 0x0D, 0x0A, 0x1E, 0x0A, 0x48, 0x0D, 0x0A, 0x1E, 0x1E, 0x56,
  0x0D, 0x0A, 0x1E, 0x0A, 0x56, 0x0D, 0x0A, 0x1E, 0x1E, 0x56, 0x00, 0x13, 0x14, 0x0A, 0x56, 0x00,
  0x14, 0x15, 0x1E, 0x56, 0x0D, 0x0A, 0x1E, 0x14, 0x2A, 0x48, 0x0B, 0x0A, 0x1E, 0x0A, 0x48, 0x0B,
  0x0A, 0x1E, 0x1E, 0x56, 0x0B, 0x0A, 0x1E, 0x0A, 0x56, 0x0B, 0x0A, 0x1E, 0x1E, 0x48, 0x00, 0x0A,
  0x1E, 0x14, 0x56, 0x09, 0x12, 0x16, 0x14, 0x2A, 0x48, 0x07, 0x0D, 0x13, 0x07, 0x48, 0x07, 0x19,
  0x1F, 0x07, 0x48, 0x07, 0x07, 0x0D, 0x0D, 0x48, 0x07, 0x13, 0x19, 0x0D, 0x48, 0x07, 0x07, 0x0D,
  0x13, 0x48, 0x07, 0x19, 0x1F, 0x13, 0x48, 0x07, 0x13, 0x1F, 0x19, 0x48, 0x07, 0x0D, 0x19, 0x1F,
  0x56, 0x07, 0x08, 0x0D, 0x07, 0x56, 0x07, 0x07, 0x0D, 0x13, 0x56, 0x07, 0x07, 0x13, 0x1F, 0x56,
  0x07, 0x13, 0x19, 0x0D, 0x56, 0x07, 0x13, 0x19, 0x13, 0x56, 0x07, 0x19, 0x1F, 0x07, 0x56, 0x07,
  0x19, 0x1F, 0x1F, 0x2A, 0x56, 0x04, 0x05, 0x13, 0x13, 0x56, 0x04, 0x15, 0x22, 0x13, 0x56, 0x04,
  0x05, 0x13, 0x22, 0x56, 0x04, 0x15, 0x22, 0x22, 0x56, 0x04, 0x05, 0x13, 0x05, 0x56, 0x04, 0x15,
  0x22, 0x05, 0x48, 0x04, 0x05, 0x13, 0x13, 0x48, 0x04, 0x15, 0x22, 0x13, 0x48, 0x04, 0x05, 0x13,
  0x22, 0x48, 0x04, 0x15, 0x22, 0x22, 0x48, 0x04, 0x05, 0x13, 0x05, 0x48, 0x04, 0x15, 0x22, 0x05,
  0x48, 0x00, 0x11, 0x17, 0x0A, 0x48, 0x00, 0x11, 0x17, 0x1E, 0x56, 0x00, 0x11, 0x17, 0x0A, 0x56,
  0x00, 0x11, 0x17, 0x1E, 0x2A, 0x48, 0x07, 0x01, 0x12, 0x12, 0x56, 0x07, 0x01, 0x08, 0x12, 0x56,
  0x07, 0x0B, 0x12, 0x12, 0x48, 0x07, 0x15, 0x26, 0x15, 0x56, 0x07, 0x15, 0x1C, 0x15, 0x56, 0x07,
  0x1F, 0x26, 0x15, 0x2A, 0x48, 0x01, 0x01, 0x26, 0x13, 0x56, 0x01, 0x01, 0x26, 0x13, 0x48, 0x00,
  0x11, 0x15, 0x13, 0x56, 0x00, 0x11, 0x15, 0x13, 0x2A, 0x48, 0x0E, 0x01, 0x12, 0x12, 0x56, 0x0E,
  0x01, 0x12, 0x15, 0x48, 0x0E, 0x15, 0x26, 0x15, 0x56, 0x0E, 0x15, 0x26, 0x12, 0x2A, 0x48, 0x08,
  0x01, 0x08, 0x13, 0x48, 0x08, 0x0A, 0x1C, 0x13, 0x48, 0x08, 0x1E, 0x26, 0x13, 0x56, 0x08, 0x01,
  0x08, 0x13, 0x56, 0x08, 0x0A, 0x1C, 0x13, 0x56, 0x08, 0x1E, 0x26, 0x13, 0x2A, 0x48, 0x0B, 0x05,
  0x22, 0x05, 0x48, 0x0B, 0x05, 0x22, 0x22, 0x48, 0x02, 0x0A, 0x1D, 0x0A, 0x48, 0x02, 0x0A, 0x1D,
  0x1D, 0x56, 0x0B, 0x05, 0x22, 0x05, 0x56, 0x0B, 0x05, 0x22, 0x22, 0x56, 0x02, 0x0A, 0x1D, 0x0A,
  0x56, 0x02, 0x0A, 0x1D, 0x1D, 0x48, 0x00, 0x01, 0x26, 0x14, 0x56, 0x00, 0x01, 0x26, 0x14, 0x2A,
  0x48, 0x06, 0x06, 0x0A, 0x05, 0x48, 0x06, 0x0F, 0x19, 0x05, 0x48, 0x06, 0x1E, 0x23, 0x05, 0x48,
  0x06, 0x0F, 0x14, 0x0A, 0x48, 0x06, 0x0A, 0x0F, 0x0F, 0x48, 0x06, 0x1E, 0x23, 0x0F, 0x48, 0x06,
  0x0F, 0x1E, 0x14, 0x48, 0x06, 0x0A, 0x0F, 0x19, 0x48, 0x06, 0x14, 0x1E, 0x19, 0x48, 0x06, 0x14,
  0x1E, 0x1E, 0x48, 0x06, 0x0F, 0x19, 0x23, 0x48, 0x06, 0x1E, 0x23, 0x23, 0x56, 0x06, 0x0A, 0x14,
  0x05, 0x56, 0x06, 0x19, 0x23, 0x05, 0x56, 0x06, 0x05, 0x0A, 0x0A, 0x56, 0x06, 0x0F, 0x19, 0x0A,
  0x56, 0x06, 0x1E, 0x23, 0x0A, 0x56, 0x06, 0x1E, 0x23, 0x0F, 0x56, 0x06, 0x0A, 0x0F, 0x14, 0x56,
  0x06, 0x05, 0x0A, 0x19, 0x56, 0x06, 0x0F, 0x14, 0x19, 0x56, 0x06, 0x05, 0x0A, 0x1E, 0x56, 0x06,
  0x1E, 0x23, 0x1E, 0x56, 0x06, 0x0A, 0x14, 0x23, 0x56, 0x06, 0x19, 0x1E, 0x23, 0x2A, 0x48, 0x03,
  0x05, 0x12, 0x05, 0x48, 0x03, 0x15, 0x22, 0x05, 0x56, 0x03, 0x05, 0x22, 0x05, 0x56, 0x03, 0x05,
  0x22, 0x22, 0x48, 0x03, 0x05, 0x12, 0x22, 0x48, 0x03, 0x15, 0x22, 0x22, 0x48, 0x03, 0x0A, 0x1D,
  0x1D, 0x48, 0x03, 0x0A, 0x1D, 0x0A, 0x56, 0x03, 0x0A, 0x1D, 0x0A, 0x56, 0x03, 0x0A, 0x1D, 0x1D,
  0x56, 0x00, 0x13, 0x14, 0x1D, 0x2A, 0x48, 0x09, 0x0C, 0x1C, 0x0A, 0x48, 0x09, 0x0A, 0x1E, 0x14,
  0x48, 0x09, 0x0C, 0x1C, 0x1E, 0x56, 0x09, 0x0C, 0x1C, 0x0A, 0x56, 0x09, 0x0A, 0x1E, 0x14, 0x56,
  0x09, 0x0C, 0x1C, 0x1E, 0x48, 0x00, 0x13, 0x15, 0x14, 0x56, 0x00, 0x13, 0x15, 0x14, 0x2A, 0x56,
  0x0F, 0x01, 0x08, 0x12, 0x56, 0x0F, 0x0B, 0x26, 0x12, 0x56, 0x0F, 0x01, 0x1C, 0x15, 0x56, 0x0F,
  0x1F, 0x26, 0x15, 0x2A, 0x48, 0x01, 0x05, 0x22, 0x02, 0x48, 0x02, 0x05, 0x22, 0x04, 0x48, 0x03,
  0x05, 0x22, 0x06, 0x48, 0x04, 0x05, 0x22, 0x08, 0x48, 0x05, 0x05, 0x22, 0x0A, 0x48, 0x06, 0x05,
  0x22, 0x0C, 0x48, 0x07, 0x05, 0x22, 0x0E, 0x48, 0x08, 0x05, 0x22, 0x10, 0x48, 0x09, 0x05, 0x22,
  0x25, 0x48, 0x0A, 0x05, 0x22, 0x23, 0x48, 0x0B, 0x05, 0x22, 0x21, 0x48, 0x0C, 0x05, 0x22, 0x1F,
  0x48, 0x0D, 0x05, 0x22, 0x1D, 0x48, 0x0E, 0x05, 0x22, 0x1B, 0x48, 0x0F, 0x05, 0x22, 0x19, 0x48,
  0x08, 0x05, 0x22, 0x17, 0x56, 0x08, 0x10, 0x17, 0x13, 0x56, 0x08, 0x10, 0x17, 0x15, 0x56, 0x00,
  0x01, 0x26, 0x14, 0x2A, 0x48, 0x04, 0x03, 0x24, 0x06, 0x48, 0x02, 0x09, 0x24, 0x09, 0x48, 0x04,
  0x0C, 0x24, 0x0C, 0x48, 0x02, 0x0F, 0x24, 0x0F, 0x48, 0x04, 0x12, 0x24, 0x12, 0x48, 0x02, 0x15,
  0x24, 0x15, 0x48, 0x04, 0x18, 0x24, 0x18, 0x48, 0x02, 0x1B, 0x24, 0x1B, 0x48, 0x04, 0x1E, 0x24,
  0x1E, 0x48, 0x02, 0x21, 0x24, 0x21, 0x56, 0x02, 0x09, 0x21, 0x03, 0x56, 0x04, 0x06, 0x21, 0x06,
  0x56, 0x02, 0x09, 0x21, 0x09, 0x56, 0x04, 0x0C, 0x21, 0x0C, 0x56, 0x02, 0x0F, 0x21, 0x0F, 0x56,
  0x04, 0x12, 0x21, 0x12, 0x56, 0x02, 0x15, 0x21, 0x15, 0x56, 0x04, 0x18, 0x21, 0x18, 0x56, 0x02,
  0x1B, 0x21, 0x1B, 0x56, 0x04, 0x1E, 0x21, 0x1E, 0x2A, 0x48, 0x09, 0x02, 0x13, 0x13, 0x48, 0x09,
  0x02, 0x08, 0x0A, 0x48, 0x09, 0x0B, 0x13, 0x0A, 0x56, 0x09, 0x0A, 0x0D, 0x08, 0x56, 0x09, 0x0A,
  0x0D, 0x0B, 0x48, 0x02, 0x15, 0x25, 0x13, 0x48, 0x02, 0x15, 0x1C, 0x0A, 0x48, 0x02, 0x1F, 0x25,
  0x0A, 0x56, 0x02, 0x07, 0x0A, 0x1C, 0x56, 0x02, 0x07, 0x0A, 0x1F, 0x56, 0x09, 0x0A, 0x13, 0x02,
  0x56, 0x09, 0x0A, 0x13, 0x13, 0x56, 0x02, 0x0A, 0x13, 0x15, 0x56, 0x02, 0x0A, 0x13, 0x25, 0x48,
  0x05, 0x02, 0x13, 0x15, 0x48, 0x05, 0x02, 0x08, 0x1E, 0x48, 0x05, 0x0B, 0x13, 0x1E, 0x56, 0x05,
  0x1E, 0x21, 0x08, 0x56, 0x05, 0x1E, 0x21, 0x0B, 0x56, 0x05, 0x15, 0x1E, 0x02, 0x56, 0x05, 0x15,
  0x1E, 0x13, 0x48, 0x06, 0x15, 0x25, 0x15, 0x56, 0x06, 0x15, 0x1E, 0x15, 0x56, 0x06, 0x15, 0x1E,
  0x25, 0x48, 0x06, 0x15, 0x1C, 0x1E, 0x48, 0x06, 0x1F, 0x25, 0x1E, 0x56, 0x06, 0x1B, 0x1E, 0x1C,
  0x56, 0x06, 0x1B, 0x1E, 0x1F, 0x2A, 0x48, 0x06, 0x01, 0x26, 0x13, 0x48, 0x06, 0x01, 0x26, 0x09,
  0x48, 0x06, 0x01, 0x26, 0x1D, 0x56, 0x06, 0x01, 0x26, 0x13, 0x56, 0x06, 0x01, 0x26, 0x09, 0x56,
  0x06, 0x01, 0x26, 0x1D, 0x56, 0x00, 0x01, 0x26, 0x04, 0x56, 0x00, 0x01, 0x26, 0x0E, 0x56, 0x00,
  0x01, 0x26, 0x18, 0x56, 0x00, 0x01, 0x26, 0x22, 0x48, 0x00, 0x01, 0x26, 0x04, 0x48, 0x00, 0x01,
  0x26, 0x0E, 0x48, 0x00, 0x01, 0x26, 0x18, 0x48, 0x00, 0x01, 0x26, 0x22, 0x2A, 0x56, 0x06, 0x01,
  0x26, 0x13, 0x56, 0x06, 0x01, 0x26, 0x0F, 0x56, 0x06, 0x01, 0x26, 0x17, 0x48, 0x00, 0x0F, 0x17,
  0x12, 0x48, 0x00, 0x0F, 0x17, 0x16, 0x56, 0x06, 0x02, 0x25, 0x11, 0x56, 0x06, 0x02, 0x25, 0x15,
  0x48, 0x06, 0x0F, 0x17, 0x13, 0x48, 0x06, 0x0F, 0x17, 0x15, 0x48, 0x00, 0x0F, 0x17, 0x14, 0x2A,
  0x48, 0x02, 0x01, 0x26, 0x13, 0x48, 0x02, 0x01, 0x26, 0x09, 0x48, 0x02, 0x01, 0x26, 0x1D, 0x56,
  0x02, 0x01, 0x26, 0x13, 0x56, 0x02, 0x01, 0x26, 0x09, 0x56, 0x02, 0x01, 0x26, 0x1D, 0x56, 0x00,
  0x01, 0x26, 0x04, 0x56, 0x00, 0x01, 0x26, 0x22, 0x48, 0x00, 0x01, 0x26, 0x04, 0x48, 0x00, 0x01,
  0x26, 0x0E, 0x48, 0x00, 0x01, 0x26, 0x18, 0x48, 0x00, 0x01, 0x26, 0x22, 0x2A, 0x45, 0x00, 0x00,
  0x00, 0x00, 0x00, 0x00, 0x00, 0x00, 0x00, 0x00, 0x00, 0x00, 0x00, 0x00, 0x00, 0x00, 0x00
};
